Compound,smiles,ic50,pchembl
CHEMBL1200679,[Cl-].[Cl-].[Zn+2],1159.0,5.94
CHEMBL1076889,[NH-]S(=O)(=O)C(F)(F)C(F)(F)C(F)(F)C(F)(F)C(F)(F)C(F)(F)F.[Na+],122.0,6.91
CHEMBL4073866,C[C@]12CC[C@@H]3c4ccc(O)cc4CC[C@H]3[C@@H]1CC[C@@H]2OC(=O)[C@@H]1CCCN1C(=O)c1ccc(-c2ccc(S(N)(=O)=O)cc2)cc1,290.0,6.54
CHEMBL4075710,C[C@]12CC[C@@H]3c4ccc(O)cc4CC[C@H]3[C@@H]1CC[C@@H]2OC(=O)[C@@H]1CCCN1C(=O)c1ccc(S(N)(=O)=O)cc1,110.0,6.96
CHEMBL4098852,C[C@]12CC[C@@H]3c4ccc(O)cc4CC[C@H]3[C@@H]1CC[C@@H]2OC(=O)[C@@H]1CCCN1C(=O)c1ccc(S(N)(=O)=O)cn1,5000.0,5.3
CHEMBL4071193,C[C@]12CC[C@@H]3c4ccc(O)cc4CC[C@H]3[C@@H]1CC[C@@H]2OC(=O)[C@@H]1CCCN1C(=O)c1ccc(S(N)(=O)=O)nc1,250.0,6.6
CHEMBL4081744,C[C@]12CC[C@@H]3c4ccc(O)cc4CC[C@H]3[C@@H]1CC[C@@H]2OC(=O)[C@@H]1CCCN1C(=O)c1ccc(S(N)(=O)=O)o1,250.0,6.6
CHEMBL4077445,C[C@]12CC[C@@H]3c4ccc(O)cc4CC[C@H]3[C@@H]1CC[C@@H]2OC(=O)[C@@H]1CCCN1C(=O)c1cccc(-c2ccc(S(N)(=O)=O)cc2)c1,120.0,6.92
CHEMBL4078353,C[C@]12CC[C@@H]3c4ccc(O)cc4CC[C@H]3[C@@H]1CC[C@@H]2OC(=O)[C@@H]1CCCN1C(=O)c1cccc(-c2cccc(S(N)(=O)=O)c2)c1,10000.0,5.0
CHEMBL4083620,C[C@]12CC[C@@H]3c4ccc(O)cc4CC[C@H]3[C@@H]1CC[C@@H]2OC(=O)[C@@H]1CCCN1C(=O)c1cccc(S(N)(=O)=O)c1,300.0,6.52
CHEMBL4098239,C[C@]12CC[C@@H]3c4ccc(O)cc4CC[C@H]3[C@@H]1CC[C@@H]2OC(=O)[C@@H]1CCCN1C(=O)c1coc(S(N)(=O)=O)c1,7.0,8.15
CHEMBL4059816,C[C@]12CC[C@@H]3c4ccc(O)cc4CC[C@H]3[C@@H]1CC[C@@H]2OC(=O)[C@@H]1CCCN1C(=O)Cc1ccc(S(N)(=O)=O)cc1,500.0,6.3
CHEMBL4068479,C[C@]12CC[C@@H]3c4ccc(O)cc4CC[C@H]3[C@@H]1CC[C@@H]2OC(=O)[C@@H]1CCCN1c1ccc(S(N)(=O)=O)cc1,198.0,6.7
CHEMBL4089618,C[C@]12CC[C@@H]3c4ccc(O)cc4CC[C@H]3[C@@H]1CC[C@@H]2OC(=O)[C@@H]1CCCN1Cc1ccc(S(N)(=O)=O)cc1,129.0,6.89
CHEMBL4062557,C[C@]12CC[C@@H]3c4ccc(O)cc4CC[C@H]3[C@@H]1CC[C@@H]2OC(=O)[C@@H]1CCCN1S(N)(=O)=O,10000.0,5.0
CHEMBL4067116,C[C@]12CC[C@@H]3c4ccc(O)cc4CC[C@H]3[C@@H]1CC[C@@H]2OC(=O)[C@H](Cc1ccccc1)NC(=O)c1ccc(S(N)(=O)=O)cc1,100.0,7.0
CHEMBL4085932,C[C@]12CC[C@@H]3c4ccc(O)cc4CC[C@H]3[C@@H]1CC[C@@H]2OC(=O)CNC(=O)c1ccc(S(N)(=O)=O)cc1,65.0,7.19
CHEMBL122708,C[C@]12CC[C@@H]3c4ccc(OS(N)(=O)=O)cc4CC[C@H]3[C@@H]1CCC2=O,56.0,7.25
CHEMBL122708,C[C@]12CC[C@@H]3c4ccc(OS(N)(=O)=O)cc4CC[C@H]3[C@@H]1CCC2=O,10.0,8.0
CHEMBL122708,C[C@]12CC[C@@H]3c4ccc(OS(N)(=O)=O)cc4CC[C@H]3[C@@H]1CCC2=O,9.0,8.05
CHEMBL122708,C[C@]12CC[C@@H]3c4ccc(OS(N)(=O)=O)cc4CC[C@H]3[C@@H]1CCC2=O,23.0,7.64
CHEMBL122708,C[C@]12CC[C@@H]3c4ccc(OS(N)(=O)=O)cc4CC[C@H]3[C@@H]1CCC2=O,42.0,7.38
CHEMBL4094577,C[C@@H](C(=O)O[C@H]1CC[C@H]2[C@@H]3CCc4cc(O)ccc4[C@H]3CC[C@]12C)N(C)C(=O)c1ccc(S(N)(=O)=O)cc1,325.0,6.49
CHEMBL3604467,C[C@@H](O)[C@@H](C)Nc1nc(Nc2ccc([S+](N)[O-])cc2)ncc1Br,403.0,6.39
CHEMBL4876347,C[C@@H]1OC[C@@](O)(NC(=O)c2ccc(S(N)(=O)=O)cc2)[C@H](O)[C@H]1O,70.0,7.16
CHEMBL3604466,C[C@H](CO)Nc1nc(Nc2ccc([S+](N)[O-])cc2)ncc1Br,514.0,6.29
CHEMBL4741442,C[C@H](CO)Nc1nc(Nc2ccc(S(N)(=O)=O)cc2)ncc1Br,514.0,6.29
CHEMBL4764656,C[C@H](CO)Nc1nc(Nc2ccc(S(N)(=O)=O)cc2)ncc1Br.Cl,514.0,6.29
CHEMBL4064401,C[C@H](NC(=O)c1ccc(S(N)(=O)=O)cc1)C(=O)O[C@H]1CC[C@H]2[C@@H]3CCc4cc(O)ccc4[C@H]3CC[C@]12C,250.0,6.6
CHEMBL53964,C[S+]([O-])CCNC(=O)c1cc2cc(S(N)(=O)=O)sc2s1,4.6,8.34
CHEMBL553217,C[S+]([O-])CCNCc1cc2cc(S(N)(=O)=O)sc2s1.Cl,8.4,8.08
CHEMBL79324,C/C=C/C(=O)Oc1ccc2sc(S(N)(=O)=O)nc2c1,2.1,8.68
CHEMBL549757,C#CCNc1nc(Nc2ccc(S(N)(=O)=O)cc2)ncc1Br,331.0,6.48
CHEMBL19,CC(=O)/N=c1/sc(S(N)(=O)=O)nn1C,14.0,7.85
CHEMBL19,CC(=O)/N=c1/sc(S(N)(=O)=O)nn1C,21.0,7.68
CHEMBL19,CC(=O)/N=c1/sc(S(N)(=O)=O)nn1C,14.0,7.85
CHEMBL19,CC(=O)/N=c1/sc(S(N)(=O)=O)nn1C,21.0,7.68
CHEMBL19,CC(=O)/N=c1/sc(S(N)(=O)=O)nn1C,4.8,8.32
CHEMBL444683,CC(=O)C(/N=N/c1cccc(-n2nc(C(=O)Nc3nnc(S(N)(=O)=O)s3)c(C(=O)c3ccccc3)c2-c2ccccc2)c1)C(=O)c1ccccc1,550.0,6.26
CHEMBL444683,CC(=O)C(/N=N/c1cccc(-n2nc(C(=O)Nc3nnc(S(N)(=O)=O)s3)c(C(=O)c3ccccc3)c2-c2ccccc2)c1)C(=O)c1ccccc1,590.0,6.23
CHEMBL507085,CC(=O)C(/N=N/c1cccc(-n2nc(C(=O)Nc3nnc(S(N)(=O)=O)s3)c(C(=O)c3ccccc3)c2-c2ccccc2)c1)C(=O)OC(C)(C)C,410.0,6.39
CHEMBL507085,CC(=O)C(/N=N/c1cccc(-n2nc(C(=O)Nc3nnc(S(N)(=O)=O)s3)c(C(=O)c3ccccc3)c2-c2ccccc2)c1)C(=O)OC(C)(C)C,55.0,7.26
CHEMBL453931,CC(=O)C(/N=N/c1cccc(-n2nc(C(=O)Nc3nnc(S(N)(=O)=O)s3)c(C(=O)c3ccccc3)c2-c2ccccc2)c1)C(C)=O,85.0,7.07
CHEMBL453931,CC(=O)C(/N=N/c1cccc(-n2nc(C(=O)Nc3nnc(S(N)(=O)=O)s3)c(C(=O)c3ccccc3)c2-c2ccccc2)c1)C(C)=O,180.0,6.75
CHEMBL86176,CC(=O)c1ccc2cc(S(N)(=O)=O)sc2c1,6.0,8.22
CHEMBL287738,CC(=O)c1csc(S(N)(=O)=O)c1,16.0,7.8
CHEMBL443431,CC(=O)Cn1c(C)cc2c(-n3nc(C(=O)Nc4nnc(S(N)(=O)=O)s4)c(C(=O)c4ccccc4)c3-c3ccccc3)cccc21,100.0,7.0
CHEMBL443431,CC(=O)Cn1c(C)cc2c(-n3nc(C(=O)Nc4nnc(S(N)(=O)=O)s4)c(C(=O)c4ccccc4)c3-c3ccccc3)cccc21,320.0,6.5
CHEMBL5074657,CC(=O)N[C@@H]1O[C@H](CO)[C@@H](O)[C@H](O)[C@H]1NC(=O)c1ccc(S(N)(=O)=O)cc1,36.0,7.44
CHEMBL87444,CC(=O)Nc1ccc2cc(S(N)(=O)=O)sc2c1,4.8,8.32
CHEMBL20,CC(=O)Nc1nnc(S(N)(=O)=O)s1,9.9,8.0
CHEMBL20,CC(=O)Nc1nnc(S(N)(=O)=O)s1,240.0,6.62
CHEMBL20,CC(=O)Nc1nnc(S(N)(=O)=O)s1,47.6,7.32
CHEMBL20,CC(=O)Nc1nnc(S(N)(=O)=O)s1,3900.0,5.41
CHEMBL20,CC(=O)Nc1nnc(S(N)(=O)=O)s1,115.05,6.94
CHEMBL20,CC(=O)Nc1nnc(S(N)(=O)=O)s1,8300.0,5.08
CHEMBL20,CC(=O)Nc1nnc(S(N)(=O)=O)s1,16.0,7.8
CHEMBL20,CC(=O)Nc1nnc(S(N)(=O)=O)s1,115.0,6.94
CHEMBL20,CC(=O)Nc1nnc(S(N)(=O)=O)s1,37.5,7.43
CHEMBL20,CC(=O)Nc1nnc(S(N)(=O)=O)s1,3800.0,5.42
CHEMBL20,CC(=O)Nc1nnc(S(N)(=O)=O)s1,25.0,7.6
CHEMBL20,CC(=O)Nc1nnc(S(N)(=O)=O)s1,1190.0,5.92
CHEMBL20,CC(=O)Nc1nnc(S(N)(=O)=O)s1,13.0,7.89
CHEMBL20,CC(=O)Nc1nnc(S(N)(=O)=O)s1,6.7,8.17
CHEMBL20,CC(=O)Nc1nnc(S(N)(=O)=O)s1,115.0,6.94
CHEMBL20,CC(=O)Nc1nnc(S(N)(=O)=O)s1,309.0,6.51
CHEMBL20,CC(=O)Nc1nnc(S(N)(=O)=O)s1,89.9,7.05
CHEMBL20,CC(=O)Nc1nnc(S(N)(=O)=O)s1,92.5,7.03
CHEMBL20,CC(=O)Nc1nnc(S(N)(=O)=O)s1,29.0,7.54
CHEMBL20,CC(=O)Nc1nnc(S(N)(=O)=O)s1,12.0,7.92
CHEMBL20,CC(=O)Nc1nnc(S(N)(=O)=O)s1,68.6,7.16
CHEMBL20,CC(=O)Nc1nnc(S(N)(=O)=O)s1,4100.0,5.39
CHEMBL20,CC(=O)Nc1nnc(S(N)(=O)=O)s1,37.59,7.42
CHEMBL20,CC(=O)Nc1nnc(S(N)(=O)=O)s1,8200.0,5.09
CHEMBL20,CC(=O)Nc1nnc(S(N)(=O)=O)s1,36.85,7.43
CHEMBL20,CC(=O)Nc1nnc(S(N)(=O)=O)s1,98.3,7.01
CHEMBL20,CC(=O)Nc1nnc(S(N)(=O)=O)s1,10.0,8.0
CHEMBL20,CC(=O)Nc1nnc(S(N)(=O)=O)s1,362.0,6.44
CHEMBL20,CC(=O)Nc1nnc(S(N)(=O)=O)s1,34.3,7.46
CHEMBL20,CC(=O)Nc1nnc(S(N)(=O)=O)s1,69.7,7.16
CHEMBL20,CC(=O)Nc1nnc(S(N)(=O)=O)s1,3.4,8.47
CHEMBL20,CC(=O)Nc1nnc(S(N)(=O)=O)s1,15.0,7.82
CHEMBL20,CC(=O)Nc1nnc(S(N)(=O)=O)s1,12.0,7.92
CHEMBL20,CC(=O)Nc1nnc(S(N)(=O)=O)s1,48.1,7.32
CHEMBL20,CC(=O)Nc1nnc(S(N)(=O)=O)s1,15.0,7.82
CHEMBL20,CC(=O)Nc1nnc(S(N)(=O)=O)s1,23.0,7.64
CHEMBL20,CC(=O)Nc1nnc(S(N)(=O)=O)s1,28.0,7.55
CHEMBL20,CC(=O)Nc1nnc(S(N)(=O)=O)s1,2800.0,5.55
CHEMBL20,CC(=O)Nc1nnc(S(N)(=O)=O)s1,53.1,7.28
CHEMBL20,CC(=O)Nc1nnc(S(N)(=O)=O)s1,56.5,7.25
CHEMBL20,CC(=O)Nc1nnc(S(N)(=O)=O)s1,36.0,7.44
CHEMBL20,CC(=O)Nc1nnc(S(N)(=O)=O)s1,283.0,6.55
CHEMBL20,CC(=O)Nc1nnc(S(N)(=O)=O)s1,48.9,7.31
CHEMBL20,CC(=O)Nc1nnc(S(N)(=O)=O)s1,175.0,6.76
CHEMBL20,CC(=O)Nc1nnc(S(N)(=O)=O)s1,6.0,8.22
CHEMBL20,CC(=O)Nc1nnc(S(N)(=O)=O)s1,13.7,7.86
CHEMBL20,CC(=O)Nc1nnc(S(N)(=O)=O)s1,13.0,7.89
CHEMBL20,CC(=O)Nc1nnc(S(N)(=O)=O)s1,101.0,7.0
CHEMBL20,CC(=O)Nc1nnc(S(N)(=O)=O)s1,12.0,7.92
CHEMBL20,CC(=O)Nc1nnc(S(N)(=O)=O)s1,16.0,7.8
CHEMBL20,CC(=O)Nc1nnc(S(N)(=O)=O)s1,48.3,7.32
CHEMBL20,CC(=O)Nc1nnc(S(N)(=O)=O)s1,10.0,8.0
CHEMBL20,CC(=O)Nc1nnc(S(N)(=O)=O)s1,4500.0,5.35
CHEMBL20,CC(=O)Nc1nnc(S(N)(=O)=O)s1,6.7,8.17
CHEMBL20,CC(=O)Nc1nnc(S(N)(=O)=O)s1,123.5,6.91
CHEMBL20,CC(=O)Nc1nnc(S(N)(=O)=O)s1,63.0,7.2
CHEMBL20,CC(=O)Nc1nnc(S(N)(=O)=O)s1,220.0,6.66
CHEMBL20,CC(=O)Nc1nnc(S(N)(=O)=O)s1,12.0,7.92
CHEMBL20,CC(=O)Nc1nnc(S(N)(=O)=O)s1,18.5,7.73
CHEMBL20,CC(=O)Nc1nnc(S(N)(=O)=O)s1,16.2,7.79
CHEMBL20,CC(=O)Nc1nnc(S(N)(=O)=O)s1,77.8,7.11
CHEMBL20,CC(=O)Nc1nnc(S(N)(=O)=O)s1,285.0,6.54
CHEMBL20,CC(=O)Nc1nnc(S(N)(=O)=O)s1,152.0,6.82
CHEMBL20,CC(=O)Nc1nnc(S(N)(=O)=O)s1,16.2,7.79
CHEMBL20,CC(=O)Nc1nnc(S(N)(=O)=O)s1,60.4,7.22
CHEMBL20,CC(=O)Nc1nnc(S(N)(=O)=O)s1,68.0,7.17
CHEMBL20,CC(=O)Nc1nnc(S(N)(=O)=O)s1,351.0,6.46
CHEMBL20,CC(=O)Nc1nnc(S(N)(=O)=O)s1,12.5,7.9
CHEMBL20,CC(=O)Nc1nnc(S(N)(=O)=O)s1,3.4,8.47
CHEMBL20,CC(=O)Nc1nnc(S(N)(=O)=O)s1,12.0,7.92
CHEMBL20,CC(=O)Nc1nnc(S(N)(=O)=O)s1,1190.0,5.92
CHEMBL20,CC(=O)Nc1nnc(S(N)(=O)=O)s1,22.17,7.65
CHEMBL20,CC(=O)Nc1nnc(S(N)(=O)=O)s1,46.88,7.33
CHEMBL20,CC(=O)Nc1nnc(S(N)(=O)=O)s1,45.1,7.35
CHEMBL734,CC(=O)NO,47000.0,4.33
CHEMBL734,CC(=O)NO,47000.0,4.33
CHEMBL734,CC(=O)NO,47000.0,4.33
CHEMBL1164744,CC(=O)OC1C=CC(=O)N1S(=O)(=O)c1ccc(C)cc1,7970.0,5.1
CHEMBL354062,CC(=O)Oc1ccc2[nH]c(S(N)(=O)=O)cc2c1,11.0,7.96
CHEMBL164189,CC(=O)Oc1ccc2cc(S(N)(=O)=O)[nH]c2c1,32.0,7.5
CHEMBL424188,CC(=O)Oc1ccc2cc(S(N)(=O)=O)oc2c1,5.5,8.26
CHEMBL85636,CC(=O)Oc1ccc2cc(S(N)(=O)=O)sc2c1,4.0,8.4
CHEMBL81688,CC(=O)Oc1ccc2nc(S(N)(=O)=O)sc2c1,2.0,8.7
CHEMBL165124,CC(=O)Oc1ccc2oc(S(N)(=O)=O)cc2c1,6.5,8.19
CHEMBL85470,CC(=O)OCc1ccc2sc(S(N)(=O)=O)cc2c1,10.0,8.0
CHEMBL104666,CC(=O)OCCCS(=O)(=O)c1ccc(S(N)(=O)=O)s1,5.0,8.3
CHEMBL104442,CC(=O)OCCS(=O)(=O)c1ccc(S(N)(=O)=O)s1,5.5,8.26
CHEMBL79472,CC(C)(C)C(=O)Nc1c(OC(=O)C(C)(C)C)ccc2nc(S(N)(=O)=O)sc12,32.0,7.5
CHEMBL121086,CC(C)(C)C(=O)Oc1ccc2cc(S(N)(=O)=O)oc2c1,3.0,8.52
CHEMBL121086,CC(C)(C)C(=O)Oc1ccc2cc(S(N)(=O)=O)oc2c1,7.0,8.15
CHEMBL83144,CC(C)(C)C(=O)Oc1ccc2cc(S(N)(=O)=O)sc2c1,2.6,8.59
CHEMBL312593,CC(C)(C)C(=O)Oc1ccc2nc(S(N)(=O)=O)sc2c1,4.0,8.4
CHEMBL79608,CC(C)(C)C(=O)Oc1ccc2nc(S(N)(=O)=O)sc2c1N,25.0,7.6
CHEMBL352281,CC(C)(C)C(=O)Oc1ccc2oc(S(N)(=O)=O)cc2c1,3.0,8.52
CHEMBL121137,CC(C)(C)C(=O)Oc1ccc2sc(S(N)(=O)=O)cc2c1,2.6,8.59
CHEMBL2408082,CC(C)(C)c1cc(C(C)(C)C)c2oc(=O)c(/C=N/c3ccc(S(=O)(=O)NC(=N)N)cc3)c(Cl)c2c1,103.0,6.99
CHEMBL2408081,CC(C)(C)c1cc(C(C)(C)C)c2oc(=O)c(/C=N/c3ccc(S(=O)(=O)Nc4nccs4)cc3)c(Cl)c2c1,122.0,6.91
CHEMBL2408080,CC(C)(C)c1cc(C(C)(C)C)c2oc(=O)c(/C=N/c3ccc(S(N)(=O)=O)cc3)c(Cl)c2c1,112.0,6.95
CHEMBL4177378,CC(C)(C)c1ccc(S(=O)(=O)n2cc(/C=C/C(=O)c3ccncc3)c3ccccc32)cc1,12100.0,4.92
CHEMBL86259,CC(C)(C)N1CC(COc2ccc3cc(S(N)(=O)=O)sc3c2)OC1=O,8.0,8.1
CHEMBL540554,CC(C)(C)NCC(O)COc1ccc2cc(S(N)(=O)=O)sc2c1.Cl,18.0,7.75
CHEMBL539259,CC(C)(C)NCc1cc2cc(S(N)(=O)=O)sc2s1.Cl,10.0,8.0
CHEMBL541597,CC(C)(C)NCc1ccc(S(=O)(=O)c2csc(S(N)(=O)=O)c2)cc1.Cl,36.0,7.44
CHEMBL310291,CC(C)(C)OC(=O)Oc1ccc2nc(S(N)(=O)=O)sc2c1,10.0,8.0
CHEMBL4100191,CC(C)(NC(=O)c1ccc(S(N)(=O)=O)cc1)C(=O)O[C@H]1CC[C@H]2[C@@H]3CCc4cc(O)ccc4[C@H]3CC[C@]12C,232.0,6.63
CHEMBL319238,CC(C)(O)CCS(=O)(=O)c1ccc(S(N)(=O)=O)cc1,25.0,7.6
CHEMBL321889,CC(C)(O)CCSc1ccc(S(N)(=O)=O)cc1,20.0,7.7
CHEMBL4463022,CC(C)[C@@H]1CC[C@@H](C)C[C@H]1OS(=O)(=O)NC(c1ccccc1)c1ccccc1,15.97,7.8
CHEMBL4086863,CC(C)[C@H](NC(=O)c1ccc(S(N)(=O)=O)cc1)C(=O)O[C@H]1CC[C@H]2[C@@H]3CCc4cc(O)ccc4[C@H]3CC[C@]12C,202.0,6.7
CHEMBL82557,CC(C)C(=O)Oc1ccc2nc(S(N)(=O)=O)sc2c1,6.8,8.17
CHEMBL544355,CC(C)CCNCc1cccc(C(=O)c2csc(S(N)(=O)=O)c2)c1.Cl,9.0,8.05
CHEMBL544127,CC(C)CN(C)Cc1cc(C(=O)c2csc(S(N)(=O)=O)c2)ccc1O.Cl,9.0,8.05
CHEMBL539817,CC(C)CN(C)Cc1cc(S(=O)(=O)c2csc(S(N)(=O)=O)c2)ccc1O.Cl,5.0,8.3
CHEMBL9849,CC(C)CN[C@@H]1CCS(=O)(=O)c2sc(S(N)(=O)=O)cc21,45.0,7.35
CHEMBL2092887,CC(C)CN[C@@H]1CCS(=O)(=O)c2sc(S(N)(=O)=O)cc21.Cl,53.1,7.28
CHEMBL2092887,CC(C)CN[C@@H]1CCS(=O)(=O)c2sc(S(N)(=O)=O)cc21.Cl,44.0,7.36
CHEMBL417975,CC(C)CN[C@H]1CCS(=O)(=O)c2sc(S(N)(=O)=O)cc21,0.54,9.27
CHEMBL417975,CC(C)CN[C@H]1CCS(=O)(=O)c2sc(S(N)(=O)=O)cc21,1.2,8.92
CHEMBL417975,CC(C)CN[C@H]1CCS(=O)(=O)c2sc(S(N)(=O)=O)cc21,4.0,8.4
CHEMBL417975,CC(C)CN[C@H]1CCS(=O)(=O)c2sc(S(N)(=O)=O)cc21,0.54,9.27
CHEMBL417975,CC(C)CN[C@H]1CCS(=O)(=O)c2sc(S(N)(=O)=O)cc21,4.0,8.4
CHEMBL417975,CC(C)CN[C@H]1CCS(=O)(=O)c2sc(S(N)(=O)=O)cc21,0.54,9.27
CHEMBL417975,CC(C)CN[C@H]1CCS(=O)(=O)c2sc(S(N)(=O)=O)cc21,0.54,9.27
CHEMBL1204135,CC(C)CN[C@H]1CCS(=O)(=O)c2sc(S(N)(=O)=O)cc21.Cl,5.9,8.23
CHEMBL1204135,CC(C)CN[C@H]1CCS(=O)(=O)c2sc(S(N)(=O)=O)cc21.Cl,1.2,8.92
CHEMBL1096822,CC(C)CNC(=O)c1cc(S(N)(=O)=O)ccc1SC(C)C,21.5,7.67
CHEMBL541211,CC(C)CNC(=O)CC1Sc2sc(S(N)(=O)=O)cc2NC1=O,4.6,8.34
CHEMBL105713,CC(C)CNCc1cc2cc(S(N)(=O)=O)oc2s1,6.0,8.22
CHEMBL538245,CC(C)CNCc1cc2cc(S(N)(=O)=O)sc2s1.Cl,2.5,8.6
CHEMBL543792,CC(C)CNCc1cc2sc(S(N)(=O)=O)cc2s1.Cl,2.8,8.55
CHEMBL544827,CC(C)CNCc1ccc(C(=O)c2csc(S(N)(=O)=O)c2)cc1.Cl,4.8,8.32
CHEMBL543415,CC(C)CNCc1ccc(S(=O)(=O)c2csc(S(N)(=O)=O)c2)cc1.Cl,13.0,7.89
CHEMBL555312,CC(C)CNCc1ccc(S(=O)(=O)c2csc(S(N)(=O)=O)c2)cc1O.Cl,14.0,7.85
CHEMBL555186,CC(C)CNCc1cccc(C(=O)c2csc(S(N)(=O)=O)c2)c1.Cl,13.0,7.89
CHEMBL541856,CC(C)CNCc1cccc(S(=O)(=O)c2csc(S(N)(=O)=O)c2)c1.Cl,12.0,7.92
CHEMBL555588,CC(C)CNCc1ccccc1S(=O)(=O)c1csc(S(N)(=O)=O)c1.Cl,18.0,7.75
CHEMBL83497,CC(C)CNCCC1CNc2cc(S(N)(=O)=O)sc2S1(=O)=O,2.9,8.54
CHEMBL104630,CC(C)CNCCCS(=O)(=O)c1ccc(S(N)(=O)=O)s1,18.0,7.75
CHEMBL85925,CC(C)COC(=O)Oc1ccc2cc(S(N)(=O)=O)sc2c1,5.6,8.25
CHEMBL79951,CC(C)COC(=O)Oc1ccc2nc(S(N)(=O)=O)sc2c1,2.2,8.66
CHEMBL554012,CC(C)NCc1cccc(S(=O)(=O)c2csc(S(N)(=O)=O)c2)c1.Cl,22.0,7.66
CHEMBL5082205,CC(C)O[C@@H]1O[C@H](CO)[C@@H](O)[C@H](O)[C@H]1NC(=O)c1ccc(S(N)(=O)=O)cc1,32.0,7.5
CHEMBL542122,CC(C=O)N(Cc1cc2cc(S(N)(=O)=O)sc2s1)C(C)C=O.Cl,2.71,8.57
CHEMBL220492,CC1(C)O[C@@H]2[C@@H](CO[C@@]3(COS(N)(=O)=O)OC(C)(C)O[C@@H]23)O1,500.0,6.3
CHEMBL220492,CC1(C)O[C@@H]2[C@@H](CO[C@@]3(COS(N)(=O)=O)OC(C)(C)O[C@@H]23)O1,5.0,8.3
CHEMBL5286328,CC1(C)O[C@@H]2[C@@H](O)[C@H]3NC(=O)O[C@H]3C[C@@H]2O1,24800.0,4.61
CHEMBL120917,CC1(C)O[C@H]2[C@@H]3OS(=O)(=O)O[C@@H]3CC[C@@]2(COS(N)(=O)=O)O1,130.0,6.89
CHEMBL417656,CC1(C)O[C@H]2[C@@H]3OS(=O)(=O)O[C@@H]3CO[C@@]2(COS(N)(=O)=O)O1,36.0,7.44
CHEMBL7002,CC1(COc2ccc(CC3SC(=O)NC3=O)cc2)CCCCC1,86.0,7.07
CHEMBL3402247,CC1=CCC(C(=O)OCc2ccccc2)C(C(=O)NS(=O)(=O)c2ccc(C)cc2)C1,130.6,6.88
CHEMBL2392428,CC1=NN(c2ccc(S(N)(=O)=O)cc2)C(=O)/C1=C\C=C\c1ccccc1,33.13,7.48
CHEMBL2392434,CC1=NN(c2cccc(S(N)(=O)=O)c2)C(=O)C1,808.81,6.09
CHEMBL408,Cc1c(C)c2c(c(C)c1O)CCC(C)(COc1ccc(CC3SC(=O)NC3=O)cc1)O2,970.0,6.01
CHEMBL167368,Cc1c(CCC2CCCCC2)c(=O)oc2cc(OS(N)(=O)=O)ccc12,15.0,7.82
CHEMBL3747256,Cc1c(NS(N)(=O)=O)cccc1Oc1cc(F)cc(Nc2ccc(I)cc2F)c1C(N)=O,700.0,6.16
CHEMBL451547,Cc1c(S(N)(=O)=O)oc2cc(O)ccc12,210.0,6.68
CHEMBL2336906,Cc1cc(-c2nnc(Nc3ccc(S(N)(=O)=O)cc3)c3ccccc23)ccc1S(N)(=O)=O,26.8,7.57
CHEMBL4102621,Cc1cc(C(=O)N2CCC[C@H]2C(=O)O[C@H]2CC[C@H]3[C@@H]4CCc5cc(O)ccc5[C@H]4CC[C@]23C)ccc1S(N)(=O)=O,210.0,6.68
CHEMBL2408083,Cc1cc(C)nc(NS(=O)(=O)c2ccc(/N=C/c3c(Cl)c4cc(C(C)(C)C)cc(C(C)(C)C)c4oc3=O)cc2)n1,173.0,6.76
CHEMBL2408077,Cc1cc(C)nc(NS(=O)(=O)c2ccc(/N=C/c3c(Cl)c4ccccc4oc3=O)cc2)n1,23.0,7.64
CHEMBL4878420,Cc1cc(NNS(=O)(=O)c2ccc(/N=C\c3ccc(OCCn4c([N+](=O)[O-])cnc4C)cc3)cc2)no1,33.0,7.48
CHEMBL2408084,Cc1cc(NS(=O)(=O)c2ccc(/N=C/c3c(Cl)c4cc(C(C)(C)C)cc(C(C)(C)C)c4oc3=O)cc2)no1,173.0,6.76
CHEMBL2408078,Cc1cc(NS(=O)(=O)c2ccc(/N=C/c3c(Cl)c4ccccc4oc3=O)cc2)no1,26.0,7.58
CHEMBL118,Cc1ccc(-c2cc(C(F)(F)F)nn2-c2ccc(S(N)(=O)=O)cc2)cc1,21.0,7.68
CHEMBL118,Cc1ccc(-c2cc(C(F)(F)F)nn2-c2ccc(S(N)(=O)=O)cc2)cc1,181.0,6.74
CHEMBL118,Cc1ccc(-c2cc(C(F)(F)F)nn2-c2ccc(S(N)(=O)=O)cc2)cc1,21.0,7.68
CHEMBL118,Cc1ccc(-c2cc(C(F)(F)F)nn2-c2ccc(S(N)(=O)=O)cc2)cc1,21.0,7.68
CHEMBL2336905,Cc1ccc(-c2nnc(Nc3ccc(S(N)(=O)=O)cc3)c3ccccc23)cc1S(N)(=O)=O,547.0,6.26
CHEMBL341037,Cc1ccc(C(=O)c2csc(S(N)(=O)=O)c2)cc1,2.0,8.7
CHEMBL4763412,Cc1ccc(CN2CCN(C(=S)SCC(=O)Nc3ccc(S(N)(=O)=O)cc3)CC2)cc1,131.0,6.88
CHEMBL2392426,Cc1ccc(N2NC(=O)/C(=C/c3cccn3-c3ccc(S(N)(=O)=O)cc3)C2=O)cc1,27.16,7.57
CHEMBL84021,Cc1ccc(OS(=O)(=O)c2ccc3nc(S(N)(=O)=O)sc3c2)cc1,4.1,8.39
CHEMBL123923,Cc1ccc(S(=O)(=O)c2coc(S(N)(=O)=O)c2)cc1,4.2,8.38
CHEMBL333588,Cc1ccc(S(=O)(=O)c2csc(S(N)(=O)=O)c2)cc1,3.2,8.49
CHEMBL1163554,Cc1ccc(S(=O)(=O)N2C(=O)C=CC2O)cc1,6030.0,5.22
CHEMBL4159498,Cc1ccc(S(=O)(=O)n2cc(/C=C/C(=O)c3ccncc3)c3ccccc32)cc1,38400.0,4.42
CHEMBL1163131,Cc1ccc(S(=O)(=O)N2CC=CC2=O)cc1,18180.0,4.74
CHEMBL508732,Cc1ccc(S(=O)(=O)n2cccc2)cc1,23140.0,4.64
CHEMBL3402253,Cc1ccc(S(=O)(=O)NC(=O)[C@@H]2[C@H](C(=O)O)[C@]3(Cl)C(Cl)(Cl)[C@]2(Cl)[C@@](O)(Cl)[C@]3(O)Cl)cc1,120.3,6.92
CHEMBL3402250,Cc1ccc(S(=O)(=O)NC(=O)[C@H]2[C@@H]3C[C@@H]([C@@H](O)[C@H]3O)[C@H]2C(=O)O)cc1,110.9,6.96
CHEMBL3402248,Cc1ccc(S(=O)(=O)NC(=O)C2[C@H](C(=O)OCc3ccccc3)[C@@]3(Cl)C(Cl)=C(Cl)[C@@]2(Cl)C3(Cl)Cl)cc1,70.1,7.15
CHEMBL3402245,Cc1ccc(S(=O)(=O)NC(=O)C2[C@H]3C=C[C@H](C3)[C@H]2C(=O)OCc2ccccc2)cc1,110.2,6.96
CHEMBL3402249,Cc1ccc(S(=O)(=O)NC(=O)C2C(C(=O)O)[C@H]3CC[C@@H]2[C@H](O)[C@@H]3O)cc1,126.5,6.9
CHEMBL3402244,Cc1ccc(S(=O)(=O)NC(=O)C2C(C(=O)OCc3ccccc3)[C@@H]3C=C[C@H]2CC3)cc1,121.5,6.92
CHEMBL3402252,Cc1ccc(S(=O)(=O)NC(=O)C2CC(C)(O)C(O)CC2C(=O)O)cc1,144.1,6.84
CHEMBL3402251,Cc1ccc(S(=O)(=O)NC(=O)C2CC(O)C(O)CC2C(=O)O)cc1,154.4,6.81
CHEMBL3402246,Cc1ccc(S(=O)(=O)NC(=O)C2CC=CCC2C(=O)OCc2ccccc2)cc1,110.7,6.96
CHEMBL1382128,Cc1ccc(S(=O)(=O)Nc2ccccc2-c2ccccc2)cc1,5100.0,5.29
CHEMBL287486,Cc1ccc(S(=O)(=O)NCC(=O)O)cc1,3623.0,5.44
CHEMBL1621411,Cc1ccc(S(=O)(=O)NCCCN(C)C)cc1,6672.0,5.18
CHEMBL4517453,Cc1ccc(S(=O)(=O)Oc2ccc(-c3ccc4occc4c3)cc2)cc1,500.0,6.3
CHEMBL4467499,Cc1ccc(S(=O)(=O)Oc2ccc(-c3ccc4sccc4c3)cc2)cc1,3300.0,5.48
CHEMBL574,Cc1ccc(S(N)(=O)=O)cc1,580.0,6.24
CHEMBL3093010,Cc1ccc2c(c1)O[C@@H](CNS(N)(=O)=O)CO2,29000.0,4.54
CHEMBL2408088,Cc1ccc2oc(=O)c(/C=N/c3ccc(S(=O)(=O)NC(=N)N)cc3)c(Cl)c2c1,100.0,7.0
CHEMBL2408090,Cc1ccc2oc(=O)c(/C=N/c3ccc(S(=O)(=O)Nc4cc(C)on4)cc3)c(Cl)c2c1,217.0,6.66
CHEMBL2408089,Cc1ccc2oc(=O)c(/C=N/c3ccc(S(=O)(=O)Nc4nc(C)cc(C)n4)cc3)c(Cl)c2c1,141.0,6.85
CHEMBL2408073,Cc1ccc2oc(=O)c(/C=N/c3ccc(S(=O)(=O)Nc4nccc(C)n4)cc3)c(Cl)c2c1,61.0,7.21
CHEMBL2408087,Cc1ccc2oc(=O)c(/C=N/c3ccc(S(=O)(=O)Nc4nccs4)cc3)c(Cl)c2c1,121.0,6.92
CHEMBL2408086,Cc1ccc2oc(=O)c(/C=N/c3ccc(S(N)(=O)=O)cc3)c(Cl)c2c1,88.0,7.06
CHEMBL1086777,Cc1ccc2scc(CNS(N)(=O)=O)c2c1,45000.0,4.35
CHEMBL4061017,CC1CCN(NC(=S)SCC(=O)NCc2ccc3c(c2)OCO3)CC1,1.875,8.73
CHEMBL2408085,Cc1ccnc(NS(=O)(=O)c2ccc(/N=C/c3c(Cl)c4cc(C(C)(C)C)cc(C(C)(C)C)c4oc3=O)cc2)n1,63.0,7.2
CHEMBL2408079,Cc1ccnc(NS(=O)(=O)c2ccc(/N=C/c3c(Cl)c4ccccc4oc3=O)cc2)n1,51.0,7.29
CHEMBL4868770,Cc1ncc([N+](=O)[O-])n1CCNC(=S)NCCc1ccc(NS(N)(=O)=O)cc1,58.6,7.23
CHEMBL4864240,Cc1ncc([N+](=O)[O-])n1CCNC(=S)NCCc1ccc(OS(N)(=O)=O)cc1,58.6,7.23
CHEMBL4870827,Cc1ncc([N+](=O)[O-])n1CCOc1ccc(/C=N\c2ccc(S(=O)(=O)NC(=N)N)cc2)cc1,70.0,7.16
CHEMBL4876707,Cc1ncc([N+](=O)[O-])n1CCOc1ccc(/C=N\c2ccc(S(=O)(=O)Nc3nccs3)cc2)cc1,16.0,7.8
CHEMBL4859439,Cc1ncc([N+](=O)[O-])n1CCOc1cccc(/C=N\c2ccc(S(=O)(=O)Nc3nccs3)cc2)c1,89.0,7.05
CHEMBL4874430,Cc1ncc([N+](=O)[O-])n1CCS(N)(=O)=O,58.6,7.23
CHEMBL1077134,Cc1oc2ccccc2c1CNS(N)(=O)=O,25000.0,4.6
CHEMBL865,Cc1onc(-c2ccccc2)c1-c1ccc(S(N)(=O)=O)cc1,43.0,7.37
CHEMBL865,Cc1onc(-c2ccccc2)c1-c1ccc(S(N)(=O)=O)cc1,43.0,7.37
CHEMBL865,Cc1onc(-c2ccccc2)c1-c1ccc(S(N)(=O)=O)cc1,4574.0,5.34
CHEMBL4862901,Cc1sc(C(=O)c2cncnc2N[C@@H]2C[C@H](COS(N)(=O)=O)[C@@H](O)C2)cc1[C@@H]1NCCc2ccc(Cl)cc21,20.0,7.7
CHEMBL4856793,Cc1sc(C(=O)c2cncnc2N[C@@H]2C[C@H](COS(N)(=O)=O)[C@@H](O)C2)cc1C1OCCc2ccc(Cl)cc21,10.0,8.0
CHEMBL5087194,CCC(=O)N[C@@H]1O[C@H](CO)[C@@H](O)[C@H](O)[C@H]1NC(=O)c1ccc(S(N)(=O)=O)cc1,24.0,7.62
CHEMBL544826,CCC(C)NCc1cccc(S(=O)(=O)c2csc(S(N)(=O)=O)c2)c1.Cl,26.0,7.58
CHEMBL425287,CCc1cc2c(cc1OS(N)(=O)=O)CC[C@@H]1[C@@H]2CC[C@]2(C)[C@@H](OS(N)(=O)=O)CC[C@@H]12,290.0,6.54
CHEMBL595,CCc1ccc(CCOc2ccc(CC3SC(=O)NC3=O)cc2)nc1,114.0,6.94
CHEMBL312635,CCCC(=O)Oc1ccc2nc(S(N)(=O)=O)sc2c1,3.2,8.49
CHEMBL82230,CCCC(=O)Oc1ccc2sc(S(N)(=O)=O)nc2c1,4.0,8.4
CHEMBL3310984,CCCC(C)NS(=O)(=O)c1ccc(C)cc1,8071.0,5.09
CHEMBL402794,CCCC[C@@H](CC)COC(=O)c1ccccc1C(=O)OC[C@@H](CC)CCCC,66906.0,4.17
CHEMBL288606,CCCC/C(=N\O)c1csc(S(N)(=O)=O)c1,15.0,7.82
CHEMBL297821,CCCCC(=O)c1csc(S(N)(=O)=O)c1,6.3,8.2
CHEMBL42080,CCCCC(N)c1csc(S(N)(=O)=O)c1,626.0,6.2
CHEMBL289952,CCCCC(O[Si](C)(C)C(C)(C)C)c1csc(S(N)(=O)=O)c1,200.0,6.7
CHEMBL442751,CCCCCC(=O)Oc1ccc2nc(S(N)(=O)=O)sc2c1,4.0,8.4
CHEMBL42278,CCCCCC/C(=N\N)c1csc(S(N)(=O)=O)c1,2.0,8.7
CHEMBL42425,CCCCCC/C(=N\O)c1csc(S(N)(=O)=O)c1,5.8,8.24
CHEMBL42675,CCCCCC/C(=N\OC)c1csc(S(N)(=O)=O)c1,4.7,8.33
CHEMBL44173,CCCCCCC(=O)c1csc(S(N)(=O)=O)c1,5.0,8.3
CHEMBL43047,CCCCCCC(N)c1csc(S(N)(=O)=O)c1,160.0,6.8
CHEMBL44335,CCCCCCC(O)c1csc(S(N)(=O)=O)c1,13.0,7.89
CHEMBL83708,CCCCCCCC(=O)Oc1ccc2nc(S(N)(=O)=O)sc2c1,1.6,8.8
CHEMBL83165,CCCCCCCCCCCC(=O)Oc1ccc2nc(S(N)(=O)=O)sc2c1,3.1,8.51
CHEMBL120422,CCCCCCCCCS(=O)(=O)C(F)S(N)(=O)=O,3.0,8.52
CHEMBL69113,CCCCCCCCS(=O)(=O)C(C)S(N)(=O)=O,2500.0,5.6
CHEMBL68840,CCCCCCCCS(=O)(=O)C(Cl)(Cl)S(N)(=O)=O,200.0,6.7
CHEMBL304131,CCCCCCCCS(=O)(=O)C(Cl)S(N)(=O)=O,12.0,7.92
CHEMBL302780,CCCCCCCCS(=O)(=O)C(F)S(N)(=O)=O,3.0,8.52
CHEMBL421106,CCCCCCCCS(=O)(=O)CS(N)(=O)=O,22.0,7.66
CHEMBL66465,CCCCCCCCSCS(N)(=O)=O,480.0,6.32
CHEMBL44238,CCCCNC(C)c1csc(S(N)(=O)=O)c1,590.0,6.23
CHEMBL554854,CCCCNC1CCS(=O)(=O)c2sc(S(N)(=O)=O)cc21.Cl,2.3,8.64
CHEMBL554854,CCCCNC1CCS(=O)(=O)c2sc(S(N)(=O)=O)cc21.Cl,12.4,7.91
CHEMBL541087,CCCCNCc1ccc(C(=O)c2csc(S(N)(=O)=O)c2)cc1.Cl,12.0,7.92
CHEMBL539558,CCCCNCc1ccc(S(=O)(=O)c2csc(S(N)(=O)=O)c2)cc1.Cl,29.0,7.54
CHEMBL311548,CCCCOS(=O)(=O)c1ccc2nc(S(N)(=O)=O)sc2c1,1.8,8.74
CHEMBL1099125,CCCNC(=O)c1cc(S(N)(=O)=O)cnc1Sc1ccccc1,26.7,7.57
CHEMBL543604,CCCNC1CCS(=O)(=O)c2sc(S(N)(=O)=O)cc21.Cl,1.5,8.82
CHEMBL543604,CCCNC1CCS(=O)(=O)c2sc(S(N)(=O)=O)cc21.Cl,9.2,8.04
CHEMBL322014,CCCNCc1cc2cc(S(N)(=O)=O)oc2s1,8.0,8.1
CHEMBL5090536,CCCO[C@@H]1O[C@H](CNC(=O)c2ccc(S(N)(=O)=O)cc2)[C@@H](O)[C@H](O)[C@@H]1O,160.0,6.8
CHEMBL5081057,CCCO[C@@H]1O[C@H](CNC(=O)c2ccc(S(N)(=O)=O)cc2)[C@@H](O)[C@H](O)[C@H]1N,100.0,7.0
CHEMBL5085498,CCCO[C@@H]1O[C@H](CNC(=O)c2ccc(S(N)(=O)=O)cc2)[C@@H](O)[C@H](O)[C@H]1O,90.0,7.05
CHEMBL5084604,CCCO[C@@H]1O[C@H](CNC(=O)c2ccc(S(N)(=O)=O)cc2)[C@H](O)[C@H](O)[C@H]1O,110.0,6.96
CHEMBL5076082,CCCO[C@@H]1O[C@H](CO)[C@@H](O)[C@H](O)[C@H]1NC(=O)c1ccc(S(N)(=O)=O)cc1,42.0,7.38
CHEMBL4448898,CCCS(=O)(=O)Oc1ccc(-c2ccc3occc3c2)cc1,1620.0,5.79
CHEMBL4469527,CCCS(=O)(=O)Oc1ccc(-c2ccc3sccc3c2)cc1,310.0,6.51
CHEMBL555182,CCN(CC)C1CCS(=O)(=O)c2sc(S(N)(=O)=O)cc21.Cl,70.0,7.16
CHEMBL555182,CCN(CC)C1CCS(=O)(=O)c2sc(S(N)(=O)=O)cc21.Cl,12.3,7.91
CHEMBL542219,CCN(CC)Cc1cc(C(=O)c2csc(S(N)(=O)=O)c2)ccc1O.Cl,7.0,8.15
CHEMBL538536,CCN(CC)Cc1cc(S(=O)(=O)c2coc(S(N)(=O)=O)c2)ccc1O.Cl,10.0,8.0
CHEMBL545057,CCN(CC)Cc1cc(S(=O)(=O)c2csc(S(N)(=O)=O)c2)ccc1O.Cl,9.0,8.05
CHEMBL86282,CCN(CC)CC1CCC(C(=O)Oc2ccc3nc(S(N)(=O)=O)sc3c2)CC1,2.8,8.55
CHEMBL545527,CCN(CC)Cc1ccc(S(=O)(=O)c2csc(S(N)(=O)=O)c2)cc1O.Cl,16.0,7.8
CHEMBL2092885,CCN[C@@H]1CCS(=O)(=O)c2sc(S(N)(=O)=O)cc21.Cl,20.6,7.69
CHEMBL2092885,CCN[C@@H]1CCS(=O)(=O)c2sc(S(N)(=O)=O)cc21.Cl,7.1,8.15
CHEMBL218490,CCN[C@H]1C[C@H](C)S(=O)(=O)c2sc(S(N)(=O)=O)cc21,9.0,8.05
CHEMBL218490,CCN[C@H]1C[C@H](C)S(=O)(=O)c2sc(S(N)(=O)=O)cc21,0.18,9.74
CHEMBL218490,CCN[C@H]1C[C@H](C)S(=O)(=O)c2sc(S(N)(=O)=O)cc21,43.0,7.37
CHEMBL218490,CCN[C@H]1C[C@H](C)S(=O)(=O)c2sc(S(N)(=O)=O)cc21,0.18,9.74
CHEMBL3415382,CCN[C@H]1C[C@H](CCCO)S(=O)(=O)c2sc(S(N)(=O)=O)cc21,82.0,7.09
CHEMBL3415379,CCN[C@H]1C[C@H](CCCO[N+](=O)[O-])S(=O)(=O)c2sc(S(N)(=O)=O)cc21,31.0,7.51
CHEMBL3415380,CCN[C@H]1C[C@H](CCO[N+](=O)[O-])S(=O)(=O)c2sc(S(N)(=O)=O)cc21,47.0,7.33
CHEMBL3415381,CCN[C@H]1C[C@H](CO[N+](=O)[O-])S(=O)(=O)c2sc(S(N)(=O)=O)cc21,156.0,6.81
CHEMBL1788291,CCN[C@H]1CCS(=O)(=O)c2sc(S(N)(=O)=O)cc21.Cl,0.2,9.7
CHEMBL1788291,CCN[C@H]1CCS(=O)(=O)c2sc(S(N)(=O)=O)cc21.Cl,3.6,8.44
CHEMBL121031,CCN[C@H]1CN(CCCCOC)S(=O)(=O)c2sc(S(N)(=O)=O)cc21,3.2,8.49
CHEMBL3415384,CCN[C@H]1CN(CCCO)S(=O)(=O)c2sc(S(N)(=O)=O)cc21,165.0,6.78
CHEMBL3415383,CCN[C@H]1CN(CCCO[N+](=O)[O-])S(=O)(=O)c2sc(S(N)(=O)=O)cc21,31.0,7.51
CHEMBL220491,CCN[C@H]1CN(CCCOC)S(=O)(=O)c2sc(S(N)(=O)=O)cc21,3.2,8.49
CHEMBL220491,CCN[C@H]1CN(CCCOC)S(=O)(=O)c2sc(S(N)(=O)=O)cc21,45.0,7.35
CHEMBL26,CCN1CCCC1CNC(=O)c1cc(S(N)(=O)=O)ccc1OC,40.0,7.4
CHEMBL4072105,CCN1CCN(NC(=S)SCC(=O)NCc2ccc3c(c2)OCO3)CC1,0.802,9.1
CHEMBL1099003,CCNC(=O)c1cc(S(N)(=O)=O)cc(F)c1SC(C)C,3.77,8.42
CHEMBL1095883,CCNC(=O)c1cc(S(N)(=O)=O)cc(F)c1SCC(C)C,2.79,8.55
CHEMBL1096823,CCNC(=O)c1cc(S(N)(=O)=O)ccc1SC1CCCC1,16.5,7.78
CHEMBL1098204,CCNC(=O)c1cc(S(N)(=O)=O)ccc1Sc1ccccc1,21.3,7.67
CHEMBL1098349,CCNC(=O)c1cc(S(N)(=O)=O)cnc1Sc1cccc(F)c1,19.9,7.7
CHEMBL1086703,CCNC(=O)c1cc(S(N)(=O)=O)cnc1Sc1ccccc1,20.0,7.7
CHEMBL545239,CCNC1CCS(=O)(=O)c2sc(S(N)(=O)=O)cc21.Cl,7.3,8.14
CHEMBL545239,CCNC1CCS(=O)(=O)c2sc(S(N)(=O)=O)cc21.Cl,0.8,9.1
CHEMBL1095856,CCNCc1cc(S(N)(=O)=O)cnc1Sc1ccc(F)c(F)c1,321.0,6.49
CHEMBL103621,CCNCc1cc2cc(S(N)(=O)=O)oc2s1,11.0,7.96
CHEMBL5093541,CCO[C@@H]1O[C@H](CNC(=O)c2ccc(S(N)(=O)=O)cc2)[C@@H](O)[C@H](O)[C@@H]1O,90.0,7.05
CHEMBL5094014,CCO[C@@H]1O[C@H](CNC(=O)c2ccc(S(N)(=O)=O)cc2)[C@@H](O)[C@H](O)[C@H]1N,90.0,7.05
CHEMBL5089923,CCO[C@@H]1O[C@H](CNC(=O)c2ccc(S(N)(=O)=O)cc2)[C@@H](O)[C@H](O)[C@H]1O,80.0,7.1
CHEMBL5083451,CCO[C@@H]1O[C@H](CNC(=O)c2ccc(S(N)(=O)=O)cc2)[C@H](O)[C@H](O)[C@H]1O,150.0,6.82
CHEMBL5082154,CCO[C@@H]1O[C@H](CO)[C@@H](O)[C@H](O)[C@H]1NC(=O)c1ccc(S(N)(=O)=O)cc1,35.0,7.46
CHEMBL1276020,CCOC(=O)/C(=N/Nc1cccc(-n2nc(C(=O)Nc3nnc(S(N)(=O)=O)s3)c(C(=O)OCC)c2-c2ccccc2)c1)C(=O)c1ccccc1,590.0,6.23
CHEMBL1276020,CCOC(=O)/C(=N/Nc1cccc(-n2nc(C(=O)Nc3nnc(S(N)(=O)=O)s3)c(C(=O)OCC)c2-c2ccccc2)c1)C(=O)c1ccccc1,2300.0,5.64
CHEMBL1276021,CCOC(=O)/C(=N/Nc1cccc(-n2nc(C(=O)Nc3nnc(S(N)(=O)=O)s3)c(C(=O)OCC)c2-c2ccccc2)c1)C(C)=O,110.0,6.96
CHEMBL1276021,CCOC(=O)/C(=N/Nc1cccc(-n2nc(C(=O)Nc3nnc(S(N)(=O)=O)s3)c(C(=O)OCC)c2-c2ccccc2)c1)C(C)=O,160.0,6.8
CHEMBL445982,CCOC(=O)C(/N=N/c1cccc(-n2nc(C(=O)Nc3nnc(S(N)(=O)=O)s3)c(C(=O)c3ccccc3)c2-c2ccccc2)c1)C(=O)c1ccccc1,40.0,7.4
CHEMBL445982,CCOC(=O)C(/N=N/c1cccc(-n2nc(C(=O)Nc3nnc(S(N)(=O)=O)s3)c(C(=O)c3ccccc3)c2-c2ccccc2)c1)C(=O)c1ccccc1,600.0,6.22
CHEMBL499578,CCOC(=O)C(/N=N/c1cccc(-n2nc(C(=O)Nc3nnc(S(N)(=O)=O)s3)c(C(=O)c3ccccc3)c2-c2ccccc2)c1)C(=O)OCC,710.0,6.15
CHEMBL499578,CCOC(=O)C(/N=N/c1cccc(-n2nc(C(=O)Nc3nnc(S(N)(=O)=O)s3)c(C(=O)c3ccccc3)c2-c2ccccc2)c1)C(=O)OCC,94.0,7.03
CHEMBL1276022,CCOC(=O)C(=NNc1cccc(-n2nc(C(=O)Nc3nnc(S(N)(=O)=O)s3)c(C(=O)OCC)c2-c2ccccc2)c1)C(=O)OCC,140.0,6.85
CHEMBL1276022,CCOC(=O)C(=NNc1cccc(-n2nc(C(=O)Nc3nnc(S(N)(=O)=O)s3)c(C(=O)OCC)c2-c2ccccc2)c1)C(=O)OCC,60.0,7.22
CHEMBL513122,CCOC(=O)c1c(C(=O)Nc2nnc(S(N)(=O)=O)s2)nn(-c2ccc(N)cc2)c1-c1ccccc1,15.0,7.82
CHEMBL513122,CCOC(=O)c1c(C(=O)Nc2nnc(S(N)(=O)=O)s2)nn(-c2ccc(N)cc2)c1-c1ccccc1,80.0,7.1
CHEMBL1276015,CCOC(=O)c1c(C(=O)Nc2nnc(S(N)(=O)=O)s2)nn(-c2cccc(/N=N/c3c(O)ccc4ccccc34)c2)c1-c1ccccc1,480.0,6.32
CHEMBL1276015,CCOC(=O)c1c(C(=O)Nc2nnc(S(N)(=O)=O)s2)nn(-c2cccc(/N=N/c3c(O)ccc4ccccc34)c2)c1-c1ccccc1,80.0,7.1
CHEMBL1276016,CCOC(=O)c1c(C(=O)Nc2nnc(S(N)(=O)=O)s2)nn(-c2cccc(/N=N/c3ccc(O)cc3)c2)c1-c1ccccc1,470.0,6.33
CHEMBL1276016,CCOC(=O)c1c(C(=O)Nc2nnc(S(N)(=O)=O)s2)nn(-c2cccc(/N=N/c3ccc(O)cc3)c2)c1-c1ccccc1,450.0,6.35
CHEMBL1276394,CCOC(=O)c1c(C(=O)Nc2nnc(S(N)(=O)=O)s2)nn(-c2cccc(I)c2)c1-c1ccccc1,50.0,7.3
CHEMBL1276394,CCOC(=O)c1c(C(=O)Nc2nnc(S(N)(=O)=O)s2)nn(-c2cccc(I)c2)c1-c1ccccc1,130.0,6.89
CHEMBL467098,CCOC(=O)c1c(C(=O)Nc2nnc(S(N)(=O)=O)s2)nn(-c2cccc(N)c2)c1-c1ccccc1,13.0,7.89
CHEMBL467098,CCOC(=O)c1c(C(=O)Nc2nnc(S(N)(=O)=O)s2)nn(-c2cccc(N)c2)c1-c1ccccc1,55.0,7.26
CHEMBL1276023,CCOC(=O)c1c(C(=O)Nc2nnc(S(N)(=O)=O)s2)nn(-c2cccc(N/N=C(/C(C)=O)C(=O)OC(C)(C)C)c2)c1-c1ccccc1,40.0,7.4
CHEMBL1276023,CCOC(=O)c1c(C(=O)Nc2nnc(S(N)(=O)=O)s2)nn(-c2cccc(N/N=C(/C(C)=O)C(=O)OC(C)(C)C)c2)c1-c1ccccc1,160.0,6.8
CHEMBL1276018,CCOC(=O)c1c(C(=O)Nc2nnc(S(N)(=O)=O)s2)nn(-c2cccc(N/N=C(\C(C)=O)C(=O)c3ccccc3)c2)c1-c1ccccc1,580.0,6.24
CHEMBL1276018,CCOC(=O)c1c(C(=O)Nc2nnc(S(N)(=O)=O)s2)nn(-c2cccc(N/N=C(\C(C)=O)C(=O)c3ccccc3)c2)c1-c1ccccc1,340.0,6.47
CHEMBL1276019,CCOC(=O)c1c(C(=O)Nc2nnc(S(N)(=O)=O)s2)nn(-c2cccc(NN=C(C(=O)c3ccccc3)C(=O)c3ccccc3)c2)c1-c1ccccc1,260.0,6.58
CHEMBL1276019,CCOC(=O)c1c(C(=O)Nc2nnc(S(N)(=O)=O)s2)nn(-c2cccc(NN=C(C(=O)c3ccccc3)C(=O)c3ccccc3)c2)c1-c1ccccc1,350.0,6.46
CHEMBL1276017,CCOC(=O)c1c(C(=O)Nc2nnc(S(N)(=O)=O)s2)nn(-c2cccc(NN=C(C(C)=O)C(C)=O)c2)c1-c1ccccc1,450.0,6.35
CHEMBL1276017,CCOC(=O)c1c(C(=O)Nc2nnc(S(N)(=O)=O)s2)nn(-c2cccc(NN=C(C(C)=O)C(C)=O)c2)c1-c1ccccc1,210.0,6.68
CHEMBL1276024,CCOC(=O)c1c(C(=O)Nc2nnc(S(N)(=O)=O)s2)nn(-c2cccc3c2cc(C)n3CC(C)=O)c1-c1ccccc1,240.0,6.62
CHEMBL1276024,CCOC(=O)c1c(C(=O)Nc2nnc(S(N)(=O)=O)s2)nn(-c2cccc3c2cc(C)n3CC(C)=O)c1-c1ccccc1,80.0,7.1
CHEMBL4250387,CCOC(=O)c1cccc(CSCc2ccc(S(N)(=O)=O)cc2)c1,59.0,7.23
CHEMBL80028,CCOC(=O)Oc1ccc2nc(S(N)(=O)=O)sc2c1,6.8,8.17
CHEMBL84600,CCOC(C)(C)C(=O)Oc1ccc2nc(S(N)(=O)=O)sc2c1,1.2,8.92
CHEMBL18,CCOc1ccc2nc(S(N)(=O)=O)sc2c1,0.4,9.4
CHEMBL18,CCOc1ccc2nc(S(N)(=O)=O)sc2c1,0.3,9.52
CHEMBL18,CCOc1ccc2nc(S(N)(=O)=O)sc2c1,3.0,8.52
CHEMBL18,CCOc1ccc2nc(S(N)(=O)=O)sc2c1,4.83,8.32
CHEMBL18,CCOc1ccc2nc(S(N)(=O)=O)sc2c1,3.0,8.52
CHEMBL5175806,CCOc1cccc(F)c1C#Cc1cn([C@@H]2O[C@H](CNS(N)(=O)=O)[C@@H](O)[C@H]2O)c2ncnc(N)c12,730.0,6.14
CHEMBL103271,CCOCCNCc1cc2cc(S(N)(=O)=O)oc2s1,8.0,8.1
CHEMBL311810,CCOCCOCCOC(C)(C)C(=O)Oc1ccc2nc(S(N)(=O)=O)sc2c1,3.2,8.49
CHEMBL23838,CCOP(=O)(OCC)Oc1ccc([N+](=O)[O-])cc1,59.0,7.23
CHEMBL310848,CCOP(=O)(OCC)Oc1ccc2nc(S(N)(=O)=O)sc2c1,1.8,8.74
CHEMBL4561046,CCS(=O)(=O)Oc1ccc(-c2ccc3occc3c2)cc1,1600.0,5.8
CHEMBL4576825,CCS(=O)(=O)Oc1ccc(-c2ccc3sccc3c2)cc1,1300.0,5.89
CHEMBL554091,Cl.NC1CCS(=O)(=O)c2sc(S(N)(=O)=O)cc21,9.2,8.04
CHEMBL554091,Cl.NC1CCS(=O)(=O)c2sc(S(N)(=O)=O)cc21,3.2,8.49
CHEMBL545756,Cl.NS(=O)(=O)c1cc(C(=O)c2ccc(CN3CCOCC3)cc2)cs1,3.7,8.43
CHEMBL540835,Cl.NS(=O)(=O)c1cc(C(=O)c2ccc(CNCc3ccccc3)cc2)cs1,2.4,8.62
CHEMBL555355,Cl.NS(=O)(=O)c1cc(C(=O)c2cccc(CN3CCOCC3)c2)cs1,5.0,8.3
CHEMBL555153,Cl.NS(=O)(=O)c1cc(S(=O)(=O)c2ccc(CN3CCOCC3)cc2)cs1,7.6,8.12
CHEMBL544129,Cl.NS(=O)(=O)c1cc(S(=O)(=O)c2ccc(CNCc3ccccn3)cc2)cs1,8.0,8.1
CHEMBL557231,Cl.NS(=O)(=O)c1cc(S(=O)(=O)c2ccccc2CNCc2ccccn2)cs1,15.0,7.82
CHEMBL545431,Cl.NS(=O)(=O)c1cc2cc(C(=O)NCCN3CCOCC3)sc2s1,2.9,8.54
CHEMBL544731,Cl.NS(=O)(=O)c1cc2cc(C(=O)NCCN3CCSCC3)sc2s1,2.9,8.54
CHEMBL554042,Cl.NS(=O)(=O)c1cc2cc(CN(CCO)CCO)sc2s1,2.27,8.64
CHEMBL553845,Cl.NS(=O)(=O)c1cc2cc(CN3CCOCC3)ccc2s1,15.0,7.82
CHEMBL540026,Cl.NS(=O)(=O)c1cc2cc(CN3CCOCC3)sc2s1,3.0,8.52
CHEMBL555543,Cl.NS(=O)(=O)c1cc2cc(CN3CCSCC3)sc2s1,2.6,8.59
CHEMBL543561,Cl.NS(=O)(=O)c1cc2cc(CNC(CO)CO)sc2s1,8.4,8.08
CHEMBL553720,Cl.NS(=O)(=O)c1cc2cc(CNCC(F)(F)F)sc2s1,2.2,8.66
CHEMBL553951,Cl.NS(=O)(=O)c1cc2cc(CNCC3CC3)sc2s1,3.3,8.48
CHEMBL555542,Cl.NS(=O)(=O)c1cc2cc(CNCCCCO)sc2s1,3.0,8.52
CHEMBL544032,Cl.NS(=O)(=O)c1cc2cc(CNCCF)sc2s1,2.7,8.57
CHEMBL552890,Cl.NS(=O)(=O)c1cc2cc(CNCCO)sc2s1,6.3,8.2
CHEMBL104,Clc1ccccc1C(c1ccccc1)(c1ccccc1)n1ccnc1,30103.0,4.52
CHEMBL3786937,CN(C)C(=O)N[C@H]1CCc2c(O)cccc2C1,74.69,7.13
CHEMBL3785207,CN(C)C(=O)N[C@H]1CCc2ccc(O)cc2C1,59.7,7.22
CHEMBL3785391,CN(C)C(=O)NC1CCc2cc(O)ccc2C1,52.08,7.28
CHEMBL311904,CN(C)C(=O)Oc1ccc2nc(S(N)(=O)=O)sc2c1,1.6,8.8
CHEMBL83298,CN(C)C(=O)Oc1ccc2sc(S(N)(=O)=O)cc2c1,5.0,8.3
CHEMBL80096,CN(C)c1ccc(C(=O)Oc2ccc3nc(S(N)(=O)=O)sc3c2)cc1,60.0,7.22
CHEMBL541089,CN(C)Cc1cc(C(=O)c2csc(S(N)(=O)=O)c2)ccc1O.Cl,6.4,8.19
CHEMBL69114,CN(C)Cc1cc(S(=O)(=O)c2ccc(S(N)(=O)=O)s2)ccc1O,0.7,9.15
CHEMBL553909,CN(C)Cc1cc(S(=O)(=O)c2coc(S(N)(=O)=O)c2)ccc1O.Cl,7.0,8.15
CHEMBL541080,CN(C)Cc1cc(S(=O)(=O)c2csc(S(N)(=O)=O)c2)ccc1O.Cl,9.0,8.05
CHEMBL79340,CN(C)Cc1ccc(C(=O)Oc2ccc3nc(S(N)(=O)=O)sc3c2)cc1,4.0,8.4
CHEMBL313026,CN(C)Cc1ccc2sc(S(N)(=O)=O)cc2c1,12.0,7.92
CHEMBL4792992,CN(C)CCCN1CCN(C(=S)SCC(=O)Nc2ccc(S(N)(=O)=O)cc2)CC1,24.0,7.62
CHEMBL4786423,CN(C)CCN1CCN(C(=S)SCC(=O)Nc2ccc(S(N)(=O)=O)cc2)CC1,33.0,7.48
CHEMBL1098816,CN(C)CCNC(=O)c1cc(S(N)(=O)=O)cnc1Sc1ccccc1,2710.0,5.57
CHEMBL555889,CN(C)CCNC(=O)c1cc2cc(S(N)(=O)=O)sc2s1.Cl,8.8,8.06
CHEMBL83629,CN(C)CCSCc1ccc2sc(S(N)(=O)=O)cc2c1,15.0,7.82
CHEMBL84151,CN(C)OS(=O)(=O)c1ccc2nc(S(N)(=O)=O)sc2c1,1.2,8.92
CHEMBL3786442,CN(C)S(=O)(=O)N[C@H]1CCc2cc(O)ccc2C1,12.97,7.89
CHEMBL3786873,CN(C)S(=O)(=O)NC1CCc2c(O)cccc2C1,15.35,7.81
CHEMBL3786719,CN(C)S(=O)(=O)NC1CCc2ccc(O)cc2C1,10.84,7.96
CHEMBL4533978,CN(C)S(=O)(=O)Oc1ccc(-c2ccc3occc3c2)cc1,1230.0,5.91
CHEMBL4463041,CN(C)S(=O)(=O)Oc1ccc(-c2ccc3sccc3c2)cc1,5820.0,5.24
CHEMBL120728,CN(C)S(=O)(=O)Oc1ccc2nc(S(N)(=O)=O)sc2c1,1.2,8.92
CHEMBL3092999,CN(CC1COc2ccccc2O1)S(N)(=O)=O,85000.0,4.07
CHEMBL121,CN(CCOc1ccc(CC2SC(=O)NC2=O)cc1)c1ccccn1,4069.0,5.39
CHEMBL5199602,Cn1c(-c2ccc(S(N)(=O)=O)cc2)nc2cc(S(N)(=O)=O)ccc21,10.4,7.98
CHEMBL5185637,Cn1c(-c2ccc(S(N)(=O)=O)cc2)nc2ccccc21,8.8,8.06
CHEMBL1084674,Cn1cc(CNS(N)(=O)=O)c2ccccc21,48000.0,4.32
CHEMBL84224,Cn1cccc1C(=O)Oc1ccc2nc(S(N)(=O)=O)sc2c1,2.9,8.54
CHEMBL4764100,CN1CCN(C(=S)SCC(=O)Nc2ccc(S(N)(=O)=O)cc2)CC1,28.0,7.55
CHEMBL541341,CN1CCN(Cc2ccc(C(=O)c3csc(S(N)(=O)=O)c3)cc2)CC1.Cl,4.0,8.4
CHEMBL554875,CN1CCN(Cc2ccc(S(=O)(=O)c3csc(S(N)(=O)=O)c3)cc2)CC1.Cl,11.0,7.96
CHEMBL559014,CN1CCN(Cc2ccccc2S(=O)(=O)c2csc(S(N)(=O)=O)c2)CC1.Cl,23.0,7.64
CHEMBL4062231,CN1CCN(NC(=S)SCC(=O)NCc2ccc3c(c2)OCO3)CC1,0.622,9.21
CHEMBL545245,CNC1CCS(=O)(=O)c2sc(S(N)(=O)=O)cc21.Cl,13.9,7.86
CHEMBL545245,CNC1CCS(=O)(=O)c2sc(S(N)(=O)=O)cc21.Cl,2.5,8.6
CHEMBL103087,CNCc1cc2cc(S(N)(=O)=O)oc2s1,9.0,8.05
CHEMBL555385,CNCc1cc2cc(S(N)(=O)=O)sc2s1.Cl,3.0,8.52
CHEMBL552892,CNCc1cc2sc(S(N)(=O)=O)cc2s1.Cl,3.2,8.49
CHEMBL540329,CNCc1ccc(C(=O)c2csc(S(N)(=O)=O)c2)cc1.Cl,4.5,8.35
CHEMBL4557523,CNS(=O)(=O)Oc1ccc(-c2ccc3occc3c2)cc1,1040.0,5.98
CHEMBL4532237,CNS(=O)(=O)Oc1ccc(-c2ccc3sccc3c2)cc1,1210.0,5.92
CHEMBL5091927,CO[C@@H]1O[C@H](CNC(=O)c2ccc(S(N)(=O)=O)cc2)[C@@H](O)[C@H](O)[C@@H]1O,70.0,7.16
CHEMBL5094148,CO[C@@H]1O[C@H](CNC(=O)c2ccc(S(N)(=O)=O)cc2)[C@@H](O)[C@H](O)[C@H]1N,120.0,6.92
CHEMBL5077053,CO[C@@H]1O[C@H](CNC(=O)c2ccc(S(N)(=O)=O)cc2)[C@@H](O)[C@H](O)[C@H]1O,100.0,7.0
CHEMBL5082693,CO[C@@H]1O[C@H](CNC(=O)c2ccc(S(N)(=O)=O)cc2)[C@H](O)[C@H](O)[C@H]1O,60.0,7.22
CHEMBL5080007,CO[C@@H]1O[C@H](CO)[C@@H](O)[C@H](O)[C@H]1NC(=O)c1ccc(S(N)(=O)=O)cc1,10.0,8.0
CHEMBL4863113,COC(=O)[C@H]1O[C@@H](NC(=O)c2ccc(S(N)(=O)=O)cc2)[C@H](O)[C@@H](O)[C@@H]1O,50.0,7.3
CHEMBL321553,COC(=O)c1cc(S(N)(=O)=O)ccc1S(=O)(=O)CCCO,20.0,7.7
CHEMBL104961,COC(=O)c1cc(S(N)(=O)=O)ccc1S(=O)(=O)CCO,30.0,7.52
CHEMBL319437,COC(=O)c1cc(S(N)(=O)=O)ccc1SCCCO,700.0,6.16
CHEMBL148680,COC(=O)c1ccccc1S(N)(=O)=O,73900.0,4.13
CHEMBL84649,COC(C)(C)C(=O)Oc1ccc2nc(S(N)(=O)=O)sc2c1,1.2,8.92
CHEMBL84649,COC(C)(C)C(=O)Oc1ccc2nc(S(N)(=O)=O)sc2c1,1.2,8.92
CHEMBL4096770,COc1cc(/C=C/C(=O)N[C@@H]2[C@@H](O)[C@H](O)[C@@H](CO)O[C@H]2NC(=S)Nc2ccc(S(N)(=O)=O)cc2)cc(OC)c1OC,55.0,7.26
CHEMBL32749,COc1cc(/C=C/C(=O)O)ccc1O,6440.0,5.19
CHEMBL4636417,COc1cc(/C=C/C(=O)O)ccc1OCc1cn(-c2ccc([N+](=O)[O-])cc2)nn1,2780.0,5.56
CHEMBL4642019,COc1cc(/C=C/C(=O)O)ccc1OCc1cn(-c2ccc(C(=O)O)cc2)nn1,1990.0,5.7
CHEMBL4642730,COc1cc(/C=C/C(=O)O)ccc1OCc1cn(-c2ccc(C)cc2)nn1,3560.0,5.45
CHEMBL4639923,COc1cc(/C=C/C(=O)O)ccc1OCc1cn(-c2ccc(Cl)cc2)nn1,1880.0,5.73
CHEMBL4641975,COc1cc(/C=C/C(=O)O)ccc1OCc1cn(-c2ccc(F)cc2)nn1,6640.0,5.18
CHEMBL4640224,COc1cc(/C=C/C(=O)O)ccc1OCc1cn(-c2cccc([N+](=O)[O-])c2)nn1,1990.0,5.7
CHEMBL4640484,COc1cc(/C=C/C(=O)O)ccc1OCc1cn(-c2cccc(C)c2)nn1,2100.0,5.68
CHEMBL4641866,COc1cc(/C=C/C(=O)O)ccc1OCc1cn(-c2cccc(Cl)c2)nn1,6760.0,5.17
CHEMBL4637712,COc1cc(/C=C/C(=O)O)ccc1OCc1cn(-c2cccc(F)c2)nn1,9780.0,5.01
CHEMBL4632515,COc1cc(/C=C/C(=O)O)ccc1OCc1cn(-c2ccccc2[N+](=O)[O-])nn1,2780.0,5.56
CHEMBL4635469,COc1cc(/C=C/C(=O)O)ccc1OCc1cn(-c2ccccc2C)nn1,4220.0,5.38
CHEMBL4632577,COc1cc(/C=C/C(=O)O)ccc1OCc1cn(-c2ccccc2Cl)nn1,13980.0,4.85
CHEMBL4647534,COc1cc(/C=C/C(=O)O)ccc1OCc1cn(-c2ccccc2F)nn1,10740.0,4.97
CHEMBL4641337,COc1cc(/C=C/C(=O)O)ccc1OCc1cn(-c2ccccc2OC)nn1,5230.0,5.28
CHEMBL560175,COc1cc(O)c(/C=C\C(=O)O)cc1[C@@H](O)CC(C)C,59.0,7.23
CHEMBL4070358,COc1cc(OC)c(OC)cc1/C=C/C(=O)N[C@@H]1[C@@H](O)[C@H](O)[C@@H](CO)O[C@H]1NC(=S)Nc1ccc(S(N)(=O)=O)cc1,63.0,7.2
CHEMBL374721,COc1cc2c(cc1O)CC[C@@H]1[C@@H]2CC[C@]2(C)[C@@H](OS(N)(=O)=O)CC[C@@H]12,526.0,6.28
CHEMBL408967,COc1cc2c(cc1OS(N)(=O)=O)CC[C@@H]1[C@@H]2CC[C@]2(C)[C@@H](CC#N)CC[C@@H]12,1500.0,5.82
CHEMBL372231,COc1cc2c(cc1OS(N)(=O)=O)CC[C@@H]1[C@@H]2CC[C@]2(C)C(=O)CC[C@@H]12,376.0,6.42
CHEMBL4861346,COc1cc2ncnc(Nc3ccc(Cl)c(C(F)(F)F)c3)c2cc1OCCCCC(=O)Nc1ccc(S(N)(=O)=O)cc1,355.8,6.45
CHEMBL4853833,COc1cc2ncnc(Nc3cccc(C(F)(F)F)c3)c2cc1OCCCCC(=O)Nc1ccc(S(N)(=O)=O)cc1,278.2,6.56
CHEMBL2019144,COc1ccc(-c2c(N)oc3cc(Cl)ccc3c2=O)cc1,8070.0,5.09
CHEMBL2019147,COc1ccc(-c2c(N)oc3cc(Cl)ccc3c2=O)cc1OC,13700.0,4.86
CHEMBL2019150,COc1ccc(-c2c(N)oc3cc(OC)ccc3c2=O)cc1,8740.0,5.06
CHEMBL2019143,COc1ccc(-c2c(N)oc3ccc(Cl)cc3c2=O)cc1,3660.0,5.44
CHEMBL2019146,COc1ccc(-c2c(N)oc3ccc(Cl)cc3c2=O)cc1OC,7590.0,5.12
CHEMBL2019142,COc1ccc(-c2c(N)oc3ccccc3c2=O)cc1,6510.0,5.19
CHEMBL2019145,COc1ccc(-c2c(N)oc3ccccc3c2=O)cc1OC,8280.0,5.08
CHEMBL2019154,COc1ccc(-c2cc3cc(Cl)ccc3oc2=O)cc1,9330.0,5.03
CHEMBL3291012,COc1ccc(-c2ccc(S(=O)(=O)NC(P(=O)(O)O)P(=O)(O)O)cc2)cc1,70.0,7.16
CHEMBL4635834,COc1ccc(-n2cc(COc3ccc(/C=C/C(=O)O)cc3OC)nn2)cc1,5230.0,5.28
CHEMBL4103517,COc1ccc(/C=C/C(=O)N[C@@H]2[C@@H](O)[C@H](O)[C@@H](CO)O[C@H]2NC(=S)Nc2ccc(S(N)(=O)=O)cc2)c(OC)c1,25.0,7.6
CHEMBL4063719,COc1ccc(/C=C/C(=O)N[C@@H]2[C@@H](O)[C@H](O)[C@@H](CO)O[C@H]2NC(=S)Nc2ccc(S(N)(=O)=O)cc2)cc1,65.0,7.19
CHEMBL4072315,COc1ccc(/C=C/C(=O)N[C@H]2[C@H](OC)O[C@H](CO)[C@@H](O)[C@@H]2O)cc1,14000.0,4.85
CHEMBL340519,COc1ccc(C(=O)c2coc(S(N)(=O)=O)c2)cc1,2.0,8.7
CHEMBL413114,COc1ccc(C(=O)c2csc(S(N)(=O)=O)c2)cc1,3.2,8.49
CHEMBL1370332,COc1ccc(C(=O)NC(=S)Nc2ccc(S(N)(=O)=O)cc2)cc1,25.58,7.59
CHEMBL4538894,COc1ccc(C(=O)NC(=S)Nc2cccc(S(N)(=O)=O)c2)cc1,908.13,6.04
CHEMBL4533252,COc1ccc(C2=NN(C(C)=O)C(c3ccc(OS(N)(=O)=O)cc3)C2)cc1,0.4,9.4
CHEMBL4847613,COc1ccc(C2CC(c3cc(F)cc(F)c3)=NN2c2ccc(S(N)(=O)=O)cc2)c(OC)c1,4.45,8.35
CHEMBL4847613,COc1ccc(C2CC(c3cc(F)cc(F)c3)=NN2c2ccc(S(N)(=O)=O)cc2)c(OC)c1,5.12,8.29
CHEMBL4847613,COc1ccc(C2CC(c3cc(F)cc(F)c3)=NN2c2ccc(S(N)(=O)=O)cc2)c(OC)c1,4.45,8.35
CHEMBL4864555,COc1ccc(C2CC(c3cc(F)cc(F)c3)=NN2c2ccc(S(N)(=O)=O)cc2)cc1OC,4.45,8.35
CHEMBL4864555,COc1ccc(C2CC(c3cc(F)cc(F)c3)=NN2c2ccc(S(N)(=O)=O)cc2)cc1OC,4.45,8.35
CHEMBL4864555,COc1ccc(C2CC(c3cc(F)cc(F)c3)=NN2c2ccc(S(N)(=O)=O)cc2)cc1OC,4.45,8.35
CHEMBL4847624,COc1ccc(C2CC(c3cc(F)ccc3F)=NN2c2ccc(S(N)(=O)=O)cc2)c(OC)c1,4.45,8.35
CHEMBL4847624,COc1ccc(C2CC(c3cc(F)ccc3F)=NN2c2ccc(S(N)(=O)=O)cc2)c(OC)c1,4.45,8.35
CHEMBL4847624,COc1ccc(C2CC(c3cc(F)ccc3F)=NN2c2ccc(S(N)(=O)=O)cc2)c(OC)c1,6.24,8.21
CHEMBL4849196,COc1ccc(C2CC(c3cc(F)ccc3F)=NN2c2ccc(S(N)(=O)=O)cc2)cc1OC,4.45,8.35
CHEMBL4849196,COc1ccc(C2CC(c3cc(F)ccc3F)=NN2c2ccc(S(N)(=O)=O)cc2)cc1OC,4.45,8.35
CHEMBL4849196,COc1ccc(C2CC(c3cc(F)ccc3F)=NN2c2ccc(S(N)(=O)=O)cc2)cc1OC,4.82,8.32
CHEMBL1099152,COc1ccc(CCCNC(=O)c2cc(S(N)(=O)=O)cnc2Sc2c(F)c(F)cc(F)c2F)cc1,11.5,7.94
CHEMBL2392431,COc1ccc(Cl)cc1CNCCc1ccc(S(N)(=O)=O)cc1,670.72,6.17
CHEMBL4761403,COc1ccc(CN2CCN(C(=S)SCC(=O)Nc3ccc(S(N)(=O)=O)cc3)CC2)cc1,91395.0,4.04
CHEMBL1095203,COc1ccc(CNC(=O)c2cc(S(N)(=O)=O)cnc2Sc2ccc(F)c(F)c2)cc1,2.19,8.66
CHEMBL2392433,COc1ccc(CNc2ccc(S(N)(=O)=O)cc2)cc1OC,12.54,7.9
CHEMBL1095855,COc1ccc(CNCc2cc(S(N)(=O)=O)cnc2Sc2ccc(F)c(F)c2)cc1,52.8,7.28
CHEMBL4872387,COc1ccc(OC)c(C2CC(c3cc(F)cc(F)c3)=NN2c2ccc(S(N)(=O)=O)cc2)c1,4.45,8.35
CHEMBL4872387,COc1ccc(OC)c(C2CC(c3cc(F)cc(F)c3)=NN2c2ccc(S(N)(=O)=O)cc2)c1,4.45,8.35
CHEMBL4872387,COc1ccc(OC)c(C2CC(c3cc(F)cc(F)c3)=NN2c2ccc(S(N)(=O)=O)cc2)c1,5.53,8.26
CHEMBL4869398,COc1ccc(OC)c(C2CC(c3cc(F)ccc3F)=NN2c2ccc(S(N)(=O)=O)cc2)c1,4.45,8.35
CHEMBL4869398,COc1ccc(OC)c(C2CC(c3cc(F)ccc3F)=NN2c2ccc(S(N)(=O)=O)cc2)c1,5.54,8.26
CHEMBL4869398,COc1ccc(OC)c(C2CC(c3cc(F)ccc3F)=NN2c2ccc(S(N)(=O)=O)cc2)c1,5.54,8.26
CHEMBL123979,COc1ccc(S(=O)(=O)c2coc(S(N)(=O)=O)c2)cc1,2.5,8.6
CHEMBL262726,COc1ccc(S(=O)(=O)c2csc(S(N)(=O)=O)c2)cc1,45.0,7.35
CHEMBL4177494,COc1ccc(S(=O)(=O)n2cc(/C=C/C(=O)c3ccncc3)c3ccccc32)cc1,29350.0,4.53
CHEMBL165362,COc1ccc2[nH]c(S(N)(=O)=O)cc2c1,16.0,7.8
CHEMBL2019149,COc1ccc2c(=O)c(-c3ccc(Cl)cc3)c(N)oc2c1,36700.0,4.43
CHEMBL2019151,COc1ccc2c(=O)c(-c3ccc(OC)c(OC)c3)c(N)oc2c1,8350.0,5.08
CHEMBL2019148,COc1ccc2c(=O)c(-c3ccccc3)c(N)oc2c1,7870.0,5.1
CHEMBL3787502,COc1ccc2c(c1)C[C@@H](NC(=O)N(C)C)CC2,9.27,8.03
CHEMBL3786448,COc1ccc2c(c1)CC(NS(=O)(=O)N(C)C)CC2,8.66,8.06
CHEMBL3786516,COc1ccc2c(c1)CCC(NC(=O)N(C)C)C2,11.67,7.93
CHEMBL3787223,COc1ccc2c(c1)CCC(NS(=O)(=O)N(C)C)C2,8.25,8.08
CHEMBL69902,COc1ccc2c(c1)S(=O)(=O)C(S(N)(=O)=O)C2,800.0,6.1
CHEMBL165245,COc1ccc2cc(S(N)(=O)=O)[nH]c2c1,60.0,7.22
CHEMBL164438,COc1ccc2cc(S(N)(=O)=O)n(C)c2c1,110.0,6.96
CHEMBL162168,COc1ccc2cc(S(N)(=O)=O)oc2c1,15.0,7.82
CHEMBL87939,COc1ccc2cc(S(N)(=O)=O)sc2c1,8.8,8.06
CHEMBL162280,COc1ccc2oc(S(N)(=O)=O)cc2c1,5.1,8.29
CHEMBL87740,COc1ccc2sc(S(N)(=O)=O)cc2c1,23.0,7.64
CHEMBL2336901,COc1cccc(-c2nnc(Nc3cccc(S(N)(=O)=O)c3)c3ccccc23)c1,61.8,7.21
CHEMBL4641693,COc1cccc(-n2cc(COc3ccc(/C=C/C(=O)O)cc3OC)nn2)c1,3620.0,5.44
CHEMBL4075581,COc1cccc(/C=C/C(=O)N[C@@H]2[C@@H](O)[C@H](O)[C@@H](CO)O[C@H]2NC(=S)Nc2ccc(S(N)(=O)=O)cc2)c1,45.0,7.35
CHEMBL4075252,COc1cccc(/C=C/C(=O)N[C@@H]2[C@@H](O)[C@H](O)[C@@H](CO)O[C@H]2NC(=S)Nc2ccc(S(N)(=O)=O)cc2)c1OC,34.0,7.47
CHEMBL4857592,COc1cccc(C2CC(c3cc(F)cc(F)c3)=NN2c2ccc(S(N)(=O)=O)cc2)c1OC,4.45,8.35
CHEMBL4857592,COc1cccc(C2CC(c3cc(F)cc(F)c3)=NN2c2ccc(S(N)(=O)=O)cc2)c1OC,4.45,8.35
CHEMBL4857592,COc1cccc(C2CC(c3cc(F)cc(F)c3)=NN2c2ccc(S(N)(=O)=O)cc2)c1OC,5.69,8.24
CHEMBL4876038,COc1cccc(C2CC(c3cc(F)ccc3F)=NN2c2ccc(S(N)(=O)=O)cc2)c1OC,4.45,8.35
CHEMBL4876038,COc1cccc(C2CC(c3cc(F)ccc3F)=NN2c2ccc(S(N)(=O)=O)cc2)c1OC,4.45,8.35
CHEMBL4876038,COc1cccc(C2CC(c3cc(F)ccc3F)=NN2c2ccc(S(N)(=O)=O)cc2)c1OC,5.59,8.25
CHEMBL433921,COc1cccc(N2C(CN3CCOCC3)=Cc3cc(S(N)(=O)=O)sc3S2(=O)=O)c1,1.27,8.9
CHEMBL82510,COc1cccc(OC)c1C(=O)Oc1ccc2nc(S(N)(=O)=O)sc2c1,4.0,8.4
CHEMBL3786651,COc1cccc2c1CC[C@H](NC(=O)N(C)C)C2,17.42,7.76
CHEMBL3785269,COc1cccc2c1CCC(NS(=O)(=O)N(C)C)C2,70.44,7.15
CHEMBL5219841,COc1cccc2c1CCCC2NS(=O)(=O)NC(=O)OCc1ccccc1,4.94,8.31
CHEMBL82865,COc1cccc2cc(S(N)(=O)=O)sc12,50.0,7.3
CHEMBL315921,COc1cccc2sc(S(N)(=O)=O)cc12,12.0,7.92
CHEMBL4090618,COc1ccccc1/C=C/C(=O)N[C@@H]1[C@@H](O)[C@H](O)[C@@H](CO)O[C@H]1NC(=S)Nc1ccc(S(N)(=O)=O)cc1,53.0,7.28
CHEMBL4473329,COc1ccccc1C(=O)NC(=S)Nc1ccc(S(N)(=O)=O)cc1,2.09,8.68
CHEMBL4456875,COc1ccccc1C(=O)NC(=S)Nc1cccc(S(N)(=O)=O)c1,20.75,7.68
CHEMBL85558,COCC(=O)Oc1ccc2nc(S(N)(=O)=O)sc2c1,3.5,8.46
CHEMBL320808,COCC(=O)OCCCS(=O)(=O)c1ccc(S(N)(=O)=O)s1,4.5,8.35
CHEMBL83589,COCc1ccc2sc(S(N)(=O)=O)cc2c1,9.0,8.05
CHEMBL1340,COCCCN1C[C@H](N)c2cc(S(N)(=O)=O)sc2S1(=O)=O,1.28,8.89
CHEMBL1099137,COCCCNC(=O)c1cc(S(N)(=O)=O)cnc1Sc1c(F)c(F)cc(F)c1F,10.6,7.97
CHEMBL1086834,COCCCNC(=O)c1cc(S(N)(=O)=O)cnc1Sc1ccc(F)c(F)c1,34.6,7.46
CHEMBL1095204,COCCCNC(=O)c1cc(S(N)(=O)=O)cnc1Sc1cccc(F)c1,25.8,7.59
CHEMBL1099124,COCCCNC(=O)c1cc(S(N)(=O)=O)cnc1Sc1ccccc1,48.0,7.32
CHEMBL1095882,COCCCNCc1cc(S(N)(=O)=O)cnc1Sc1ccc(F)c(F)c1,386.0,6.41
CHEMBL106493,COCCCNCc1cc2cc(S(N)(=O)=O)oc2s1,12.0,7.92
CHEMBL542372,COCCCNCc1cc2cc(S(N)(=O)=O)sc2s1.Cl,4.9,8.31
CHEMBL541810,COCCN(CCNC(=O)c1cc2cc(S(N)(=O)=O)sc2s1)CCOC.Cl,2.5,8.6
CHEMBL103143,COCCN(CCOC)Cc1cc2cc(S(N)(=O)=O)oc2s1,5.1,8.29
CHEMBL554425,COCCN(CCOC)Cc1cc2cc(S(N)(=O)=O)sc2s1.Cl,4.2,8.38
CHEMBL544738,COCCN(CCOC)Cc1cc2sc(S(N)(=O)=O)cc2s1.Cl,2.5,8.6
CHEMBL309870,COCCN(CCOC)CCC1CNc2cc(S(N)(=O)=O)sc2S1(=O)=O,2.14,8.67
CHEMBL1096821,COCCNC(=O)c1cc(S(N)(=O)=O)ccc1SCCc1ccccc1,20.2,7.7
CHEMBL1098817,COCCNC(=O)c1cc(S(N)(=O)=O)cnc1Sc1ccccc1,57.1,7.24
CHEMBL317694,COCCNCc1cc2cc(S(N)(=O)=O)oc2s1,11.0,7.96
CHEMBL544030,COCCNCc1cc2cc(S(N)(=O)=O)sc2s1.Cl,5.0,8.3
CHEMBL556132,COCCNCc1cc2sc(S(N)(=O)=O)cc2s1.Cl,2.8,8.55
CHEMBL309608,COCCOC(C)(C)C(=O)Oc1ccc2nc(S(N)(=O)=O)sc2c1,1.4,8.85
CHEMBL101792,COCCOCCCNCc1cc2cc(S(N)(=O)=O)oc2s1,14.0,7.85
CHEMBL543798,COCCOCCCNCc1cc2cc(S(N)(=O)=O)sc2s1.Cl,6.5,8.19
CHEMBL309950,COCCOCCN(CCOC)C(=O)CC1C(=O)Nc2cc(S(N)(=O)=O)sc2S1(=O)=O,2.18,8.66
CHEMBL543319,COCCOCCN(CCOC)C(C)c1cc2cc(S(N)(=O)=O)sc2s1.Cl,0.5,9.3
CHEMBL50395,COCCOCCN(CCOC)C(Cc1ccc(F)cc1)c1cc2cc(S(N)(=O)=O)sc2s1,1.15,8.94
CHEMBL120046,COCCOCCN(CCOC)c1cc2cc(S(N)(=O)=O)sc2s1,2.8,8.55
CHEMBL103255,COCCOCCN(CCOC)Cc1cc2cc(S(N)(=O)=O)oc2s1,6.49,8.19
CHEMBL543559,COCCOCCN(CCOC)Cc1cc2cc(S(N)(=O)=O)sc2s1.Cl,2.8,8.55
CHEMBL80060,COCCOCCN(CCOC)CCC1C(=O)Nc2cc(S(N)(=O)=O)sc2S1(=O)=O,5.15,8.29
CHEMBL311263,COCCOCCN(CCOC)CCC1CNc2cc(S(N)(=O)=O)sc2S1(=O)=O,1.45,8.84
CHEMBL555548,COCCOCCN(CCOCCOC)Cc1cc2cc(S(N)(=O)=O)sc2s1.Cl,3.95,8.4
CHEMBL553832,COCCOCCNC(C)c1cc2cc(S(N)(=O)=O)sc2s1.Cl,0.7,9.15
CHEMBL66129,COCCOCCOCS(=O)(=O)CS(N)(=O)=O,1300.0,5.89
CHEMBL539258,CS(=O)(=O)CCNCc1cc2cc(S(N)(=O)=O)sc2s1.Cl,4.5,8.35
CHEMBL4592008,CS(=O)(=O)Oc1ccc(-c2ccc3occc3c2)cc1,2130.0,5.67
CHEMBL4591628,CS(=O)(=O)Oc1ccc(-c2ccc3sccc3c2)cc1,1500.0,5.82
CHEMBL544970,CSCCNCc1cc2cc(S(N)(=O)=O)sc2s1.Cl,4.0,8.4
CHEMBL4085325,N[C@@H]1[C@@H](O)[C@H](O)[C@@H](CO)O[C@H]1NC(=S)Nc1ccc(S(N)(=O)=O)cc1,203.0,6.69
CHEMBL186636,N/C(S)=N/Nc1ccc(S(N)(=O)=O)cc1,290.0,6.54
CHEMBL3290055,N#CC1=Cc2ccccc2CC=C1,4070.0,5.39
CHEMBL3290054,N#CC1=CCc2ccccc2C=C1,4380.0,5.36
CHEMBL3290058,N#Cc1cc2ccccc2ccc1=O,3220.0,5.49
CHEMBL3290056,N#Cc1ccc(=O)c2ccccc2c1,3820.0,5.42
CHEMBL592131,N#Cc1ccc(Cn2cncn2)cc1-c1ccc(OS(N)(=O)=O)c(Cl)c1,86.0,7.07
CHEMBL592131,N#Cc1ccc(Cn2cncn2)cc1-c1ccc(OS(N)(=O)=O)c(Cl)c1,86.0,7.07
CHEMBL3290059,N#Cc1ccc2ccccc2c(=O)c1,3740.0,5.43
CHEMBL466495,N#Cc1cccc(-n2nc(C(=O)Nc3nnc(S(N)(=O)=O)s3)c(C(=O)c3ccccc3)c2-c2ccccc2)c1,250.0,6.6
CHEMBL466495,N#Cc1cccc(-n2nc(C(=O)Nc3nnc(S(N)(=O)=O)s3)c(C(=O)c3ccccc3)c2-c2ccccc2)c1,40.0,7.4
CHEMBL3290057,N#Cc1cccc2ccccc2c1=O,3640.0,5.44
CHEMBL363086,N#CSc1ccc(S(N)(=O)=O)cc1,3600.0,5.44
CHEMBL2408076,N=C(N)NS(=O)(=O)c1ccc(/N=C/c2c(Cl)c3ccccc3oc2=O)cc1,85.0,7.07
CHEMBL3747368,NC(=O)c1c(Nc2ccc(I)cc2F)cc(F)cc1Oc1ccc(F)c(NS(N)(=O)=O)c1,3800.0,5.42
CHEMBL3746516,NC(=O)c1c(Nc2ccc(I)cc2F)cc(F)cc1Oc1ccc(F)c(NS(N)(=O)=O)c1F,10000.0,5.0
CHEMBL3746923,NC(=O)c1c(Nc2ccc(I)cc2F)cc(F)cc1Oc1cccc(CNS(N)(=O)=O)c1,2800.0,5.55
CHEMBL2376667,NC(=O)c1c(Nc2ccc(I)cc2F)cc(F)cc1Oc1cccc(CS(N)(=O)=O)c1,1300.0,5.89
CHEMBL2376666,NC(=O)c1c(Nc2ccc(I)cc2F)cc(F)cc1Oc1cccc(NS(N)(=O)=O)c1,530.0,6.28
CHEMBL3747359,NC(=O)c1c(Nc2ccc(I)cc2F)cc(F)cc1Oc1cccc(NS(N)(=O)=O)c1Cl,700.0,6.16
CHEMBL3746142,NC(=O)c1c(Nc2ccc(I)cc2F)cc(F)cc1Oc1ccccc1NS(N)(=O)=O,500.0,6.3
CHEMBL3746559,NC(=O)c1c(Oc2ccc(F)c(NS(N)(=O)=O)c2)cc(F)c(F)c1Nc1ccc(I)cc1F,4600.0,5.34
CHEMBL3746640,NC(=O)c1c(Oc2cccc(CNS(N)(=O)=O)c2)cc(F)c(F)c1Nc1ccc(I)cc1F,5000.0,5.3
CHEMBL3746031,NC(=O)c1c(Oc2cccc(CS(N)(=O)=O)c2)cc(F)c(F)c1Nc1ccc(I)cc1F,2200.0,5.66
CHEMBL120304,NC(=O)Nc1ccc(S(=O)(=O)Nc2ccc(S(N)(=O)=O)cc2)cc1,7.0,8.15
CHEMBL2019153,Nc1[nH]c2cc(Cl)ccc2c(=O)c1-c1ccccc1,6440.0,5.19
CHEMBL2019152,Nc1[nH]c2ccc(Cl)cc2c(=O)c1-c1ccccc1,9020.0,5.04
CHEMBL266240,Nc1cc(Cl)c(S(N)(=O)=O)cc1S(N)(=O)=O,96.0,7.02
CHEMBL105691,Nc1cc(S(N)(=O)=O)ccc1S(=O)(=O)CCCO,23.0,7.64
CHEMBL104524,Nc1cc(S(N)(=O)=O)ccc1S(=O)(=O)CCO,51.0,7.29
CHEMBL513141,Nc1ccc(-n2nc(C(=O)Nc3nnc(S(N)(=O)=O)s3)c(C(=O)c3ccccc3)c2-c2ccccc2)cc1,1590.0,5.8
CHEMBL513141,Nc1ccc(-n2nc(C(=O)Nc3nnc(S(N)(=O)=O)s3)c(C(=O)c3ccccc3)c2-c2ccccc2)cc1,4200.0,5.38
CHEMBL2336902,Nc1ccc(Nc2nnc(-c3cccc(S(N)(=O)=O)c3)c3ccccc23)cc1,146.5,6.83
CHEMBL21,Nc1ccc(S(N)(=O)=O)cc1,7500.0,5.12
CHEMBL21,Nc1ccc(S(N)(=O)=O)cc1,260.0,6.58
CHEMBL21,Nc1ccc(S(N)(=O)=O)cc1,2400.0,5.62
CHEMBL21,Nc1ccc(S(N)(=O)=O)cc1,256.0,6.59
CHEMBL6724,Nc1ccc(S(N)(=O)=O)cc1Br,620.0,6.21
CHEMBL7092,Nc1ccc(S(N)(=O)=O)cc1Cl,560.0,6.25
CHEMBL6853,Nc1ccc(S(N)(=O)=O)cc1F,3000.0,5.52
CHEMBL268177,Nc1ccc(S(N)(=O)=O)cc1I,1730.0,5.76
CHEMBL355157,Nc1ccc2cc(S(N)(=O)=O)oc2c1,25.0,7.6
CHEMBL85910,Nc1ccc2cc(S(N)(=O)=O)sc2c1,10.0,8.0
CHEMBL164126,Nc1ccc2oc(S(N)(=O)=O)cc2c1,9.0,8.05
CHEMBL513840,Nc1cccc(-n2nc(C(=O)Nc3nnc(S(N)(=O)=O)s3)c(C(=O)c3ccccc3)c2-c2ccccc2)c1,2600.0,5.58
CHEMBL513840,Nc1cccc(-n2nc(C(=O)Nc3nnc(S(N)(=O)=O)s3)c(C(=O)c3ccccc3)c2-c2ccccc2)c1,2800.0,5.55
CHEMBL6705,Nc1ccccc1S(N)(=O)=O,2640.0,5.58
CHEMBL6633,Nc1nccc(Nc2ccc(S(N)(=O)=O)cc2)n1,89.0,7.05
CHEMBL265674,Nc1nnc(S(N)(=O)=O)s1,2900.0,5.54
CHEMBL265674,Nc1nnc(S(N)(=O)=O)s1,2900.0,5.54
CHEMBL265674,Nc1nnc(S(N)(=O)=O)s1,3600.0,5.44
CHEMBL265674,Nc1nnc(S(N)(=O)=O)s1,3200.0,5.5
CHEMBL2019141,Nc1oc2cc(Cl)ccc2c(=O)c1-c1ccc(Cl)cc1,8250.0,5.08
CHEMBL2019138,Nc1oc2cc(Cl)ccc2c(=O)c1-c1ccccc1,6790.0,5.17
CHEMBL2019140,Nc1oc2ccc(Cl)cc2c(=O)c1-c1ccc(Cl)cc1,3620.0,5.44
CHEMBL2019137,Nc1oc2ccc(Cl)cc2c(=O)c1-c1ccccc1,36200.0,4.44
CHEMBL2019139,Nc1oc2ccccc2c(=O)c1-c1ccc(Cl)cc1,8660.0,5.06
CHEMBL2019136,Nc1oc2ccccc2c(=O)c1-c1ccccc1,9430.0,5.03
CHEMBL50929,NCc1cc2cc(S(N)(=O)=O)sc2s1,14.0,7.85
CHEMBL419,NCc1ccc(S(N)(=O)=O)cc1,4000.0,5.4
CHEMBL590825,NCc1ccccn1.NS(=O)(=O)c1cc(C(=O)O)c(Cl)cc1Cl,300.0,6.52
CHEMBL590825,NCc1ccccn1.NS(=O)(=O)c1cc(C(=O)O)c(Cl)cc1Cl,290.0,6.54
CHEMBL590825,NCc1ccccn1.NS(=O)(=O)c1cc(C(=O)O)c(Cl)cc1Cl,220.0,6.66
CHEMBL7087,NCCc1ccc(S(N)(=O)=O)cc1,3100.0,5.51
CHEMBL1099151,NCCCCNC(=O)c1cc(S(N)(=O)=O)cnc1Sc1c(F)c(F)cc(F)c1F,45.9,7.34
CHEMBL7204,NNc1ccc(S(N)(=O)=O)cc1,80.0,7.1
CHEMBL176495,NNc1ccccc1S(N)(=O)=O,80.0,7.1
CHEMBL67511,NS(=O)(=O)C(F)(F)F,13.0,7.89
CHEMBL2333416,NS(=O)(=O)c1c(F)c(F)c(SCCO)c(F)c1F,10.0,8.0
CHEMBL125102,NS(=O)(=O)c1cc(C(=O)c2ccc(O)cc2)cs1,2.5,8.6
CHEMBL43440,NS(=O)(=O)c1cc(C(=O)c2ccccc2)cs1,6.8,8.17
CHEMBL1387347,NS(=O)(=O)c1cc(C(=O)NCCOc2ccccc2)c(Cl)cc1Cl,10.58,7.98
CHEMBL120886,NS(=O)(=O)c1cc(C(=O)O)c(Cl)cc1Cl,380.0,6.42
CHEMBL120886,NS(=O)(=O)c1cc(C(=O)O)c(Cl)cc1Cl,22000.0,4.66
CHEMBL120886,NS(=O)(=O)c1cc(C(=O)O)c(Cl)cc1Cl,18000.0,4.75
CHEMBL1055,NS(=O)(=O)c1cc(C2(O)NC(=O)c3ccccc32)ccc1Cl,677.0,6.17
CHEMBL17,NS(=O)(=O)c1cc(Cl)c(Cl)c(S(N)(=O)=O)c1,40.0,7.4
CHEMBL17,NS(=O)(=O)c1cc(Cl)c(Cl)c(S(N)(=O)=O)c1,38.0,7.42
CHEMBL17,NS(=O)(=O)c1cc(Cl)c(Cl)c(S(N)(=O)=O)c1,38.0,7.42
CHEMBL17,NS(=O)(=O)c1cc(Cl)c(Cl)c(S(N)(=O)=O)c1,40.0,7.4
CHEMBL17,NS(=O)(=O)c1cc(Cl)c(Cl)c(S(N)(=O)=O)c1,40.0,7.4
CHEMBL333747,NS(=O)(=O)c1cc(S(=O)(=O)c2ccc(O)cc2)co1,4.2,8.38
CHEMBL341530,NS(=O)(=O)c1cc(S(=O)(=O)c2ccc(O)cc2)cs1,5.0,8.3
CHEMBL127817,NS(=O)(=O)c1cc(S(=O)(=O)c2cccc(O)c2)cs1,2.1,8.68
CHEMBL87497,NS(=O)(=O)c1cc2c(O)cccc2s1,12.0,7.92
CHEMBL83820,NS(=O)(=O)c1cc2c(s1)[S+]([O-])CC(=O)N2,31.6,7.5
CHEMBL158363,NS(=O)(=O)c1cc2c(s1)[S+]([O-])CCC2O,100.0,7.0
CHEMBL120418,NS(=O)(=O)c1cc2c(s1)C(=O)CCS2,3.5,8.46
CHEMBL120418,NS(=O)(=O)c1cc2c(s1)C(=O)CCS2,3.5,8.46
CHEMBL158090,NS(=O)(=O)c1cc2c(s1)C(=O)CCS2(=O)=O,22.0,7.66
CHEMBL155152,NS(=O)(=O)c1cc2c(s1)C(O)CC[S+]2[O-],250.0,6.6
CHEMBL352218,NS(=O)(=O)c1cc2c(s1)C(O)CCS2,23.0,7.64
CHEMBL347369,NS(=O)(=O)c1cc2c(s1)C(O)CCS2(=O)=O,40.0,7.4
CHEMBL155420,NS(=O)(=O)c1cc2c(s1)CC(O)CS2(=O)=O,40.0,7.4
CHEMBL79939,NS(=O)(=O)c1cc2c(s1)S(=O)(=O)C(CCN1CCOCC1)CN2,0.58,9.24
CHEMBL310280,NS(=O)(=O)c1cc2c(s1)S(=O)(=O)C(CCO)CN2,1.9,8.72
CHEMBL79368,NS(=O)(=O)c1cc2c(s1)S(=O)(=O)C1(CC1)CN2,2.0,8.7
CHEMBL81148,NS(=O)(=O)c1cc2c(s1)S(=O)(=O)CC(=O)N2,3.7,8.43
CHEMBL348573,NS(=O)(=O)c1cc2c(s1)S(=O)(=O)CC(O)C2,10.0,8.0
CHEMBL2092886,NS(=O)(=O)c1cc2c(s1)S(=O)(=O)CC[C@@H]2O,7.5,8.12
CHEMBL2092886,NS(=O)(=O)c1cc2c(s1)S(=O)(=O)CC[C@@H]2O,1.3,8.89
CHEMBL2092886,NS(=O)(=O)c1cc2c(s1)S(=O)(=O)CC[C@@H]2O,4.6,8.34
CHEMBL1788205,NS(=O)(=O)c1cc2c(s1)S(=O)(=O)CC[C@H]2O,22.0,7.66
CHEMBL1788205,NS(=O)(=O)c1cc2c(s1)S(=O)(=O)CC[C@H]2O,4.2,8.38
CHEMBL1788205,NS(=O)(=O)c1cc2c(s1)S(=O)(=O)CC[C@H]2O,6.7,8.17
CHEMBL333193,NS(=O)(=O)c1cc2c(s1)S(=O)(=O)CCC2,4.5,8.35
CHEMBL333193,NS(=O)(=O)c1cc2c(s1)S(=O)(=O)CCC2,4.5,8.35
CHEMBL346810,NS(=O)(=O)c1cc2c(s1)S(=O)(=O)CCC2=O,5.0,8.3
CHEMBL314569,NS(=O)(=O)c1cc2c(s1)S(=O)(=O)CCC2O,13.0,7.89
CHEMBL314569,NS(=O)(=O)c1cc2c(s1)S(=O)(=O)CCC2O,2.3,8.64
CHEMBL314569,NS(=O)(=O)c1cc2c(s1)S(=O)(=O)CCC2O,13.0,7.89
CHEMBL314569,NS(=O)(=O)c1cc2c(s1)S(=O)(=O)CCC2O,5.3,8.28
CHEMBL310903,NS(=O)(=O)c1cc2c(s1)S(=O)(=O)CCN2,2.46,8.61
CHEMBL353861,NS(=O)(=O)c1cc2c(s1)S(=O)(=O)N(c1cccc(O)c1)C(CN1CCOCC1)=C2,1.15,8.94
CHEMBL79474,NS(=O)(=O)c1cc2c(s1)SC(CCO)CN2,3.18,8.5
CHEMBL310152,NS(=O)(=O)c1cc2c(s1)SCC(=O)N2,12.8,7.89
CHEMBL158261,NS(=O)(=O)c1cc2c(s1)SCCC2=O,8.5,8.07
CHEMBL158026,NS(=O)(=O)c1cc2c(s1)SCCC2O,30.0,7.52
CHEMBL51097,NS(=O)(=O)c1cc2cc(C(=O)N(CCO)CCO)sc2s1,6.6,8.18
CHEMBL51975,NS(=O)(=O)c1cc2cc(C(=O)NCC(O)CO)sc2s1,3.2,8.49
CHEMBL52944,NS(=O)(=O)c1cc2cc(CN3CC[S+]([O-])CC3)sc2s1,4.0,8.4
CHEMBL105080,NS(=O)(=O)c1cc2cc(CN3CCOCC3)sc2o1,5.6,8.25
CHEMBL105080,NS(=O)(=O)c1cc2cc(CN3CCOCC3)sc2o1,5.6,8.25
CHEMBL101371,NS(=O)(=O)c1cc2cc(CNCc3ccccn3)sc2o1,8.2,8.09
CHEMBL316757,NS(=O)(=O)c1cc2cc(CNCCCCO)sc2o1,11.0,7.96
CHEMBL101370,NS(=O)(=O)c1cc2cc(CNCCF)sc2o1,12.0,7.92
CHEMBL87179,NS(=O)(=O)c1cc2cc(CO)ccc2s1,9.0,8.05
CHEMBL87179,NS(=O)(=O)c1cc2cc(CO)ccc2s1,9.0,8.05
CHEMBL333520,NS(=O)(=O)c1cc2cc(N3CCOCC3)sc2s1,3.0,8.52
CHEMBL333281,NS(=O)(=O)c1cc2cc(N3CCSCC3)sc2s1,2.6,8.59
CHEMBL354238,NS(=O)(=O)c1cc2cc(O)ccc2[nH]1,22.0,7.66
CHEMBL349815,NS(=O)(=O)c1cc2cc(O)ccc2o1,6.5,8.19
CHEMBL82813,NS(=O)(=O)c1cc2cc(O)ccc2s1,6.2,8.21
CHEMBL163094,NS(=O)(=O)c1cc2cc3c(cc2[nH]1)OCO3,25.0,7.6
CHEMBL350086,NS(=O)(=O)c1cc2ccc(O)cc2[nH]1,30.0,7.52
CHEMBL354386,NS(=O)(=O)c1cc2ccc(O)cc2o1,11.0,7.96
CHEMBL314803,NS(=O)(=O)c1cc2ccc(O)cc2s1,9.9,8.0
CHEMBL314803,NS(=O)(=O)c1cc2ccc(O)cc2s1,8.8,8.06
CHEMBL82806,NS(=O)(=O)c1cc2ccc(OCC(=O)O)cc2s1,14.0,7.85
CHEMBL82867,NS(=O)(=O)c1cc2ccc(OP(=O)([O-])[O-])cc2s1.[Na+].[Na+],100.0,7.0
CHEMBL83232,NS(=O)(=O)c1cc2ccc(OS(=O)(=O)[O-])cc2s1.[Na+],6.8,8.17
CHEMBL315221,NS(=O)(=O)c1cc2cccc(O)c2s1,11.0,7.96
CHEMBL162064,NS(=O)(=O)c1cc2ccccc2[nH]1,45.0,7.35
CHEMBL165346,NS(=O)(=O)c1cc2ccccc2o1,8.0,8.1
CHEMBL313338,NS(=O)(=O)c1cc2ccccc2s1,5.2,8.28
CHEMBL2392424,NS(=O)(=O)c1ccc(-n2cccc2/C=C2/C(=O)NN(c3ccc(F)cc3)C2=O)cc1,41.97,7.38
CHEMBL282157,NS(=O)(=O)c1ccc([N+](=O)[O-])cc1,400.0,6.4
CHEMBL2408074,NS(=O)(=O)c1ccc(/N=C/c2c(Cl)c3ccccc3oc2=O)cc1,33.0,7.48
CHEMBL2392425,NS(=O)(=O)c1ccc(/N=C2/NC(=O)/C(=C/c3cc(O)ccc3Br)S2)cc1,9.33,8.03
CHEMBL4865818,NS(=O)(=O)c1ccc(C(=O)N[C@@H]2O[C@H](CO)[C@@H](O)[C@H](O)[C@@H]2O)cc1,9.0,8.05
CHEMBL4849226,NS(=O)(=O)c1ccc(C(=O)N[C@@H]2O[C@H](CO)[C@@H](O)[C@H](O)[C@H]2O)cc1,270.0,6.57
CHEMBL4849396,NS(=O)(=O)c1ccc(C(=O)N[C@@H]2O[C@H](CO)[C@@H](O)[C@H]2O)cc1,80.0,7.1
CHEMBL4863999,NS(=O)(=O)c1ccc(C(=O)N[C@@H]2O[C@H](CO)[C@H](O)[C@H](O)[C@H]2O)cc1,210.0,6.68
CHEMBL4854006,NS(=O)(=O)c1ccc(C(=O)N[C@@H]2OC[C@H](O)[C@H](O)[C@H]2O)cc1,90.0,7.05
CHEMBL4524569,NS(=O)(=O)c1ccc(C(=O)n2[nH]c(=O)c3c([N+](=O)[O-])cccc3c2=O)cc1,10.14,7.99
CHEMBL5203234,NS(=O)(=O)c1ccc(C(=O)n2[nH]c(=O)c3c(Br)c(Br)c(Br)c(Br)c3c2=O)cc1,10.14,7.99
CHEMBL5174661,NS(=O)(=O)c1ccc(C(=O)n2[nH]c(=O)c3c(Cl)c(Cl)c(Cl)c(Cl)c3c2=O)cc1,10.14,7.99
CHEMBL4579543,NS(=O)(=O)c1ccc(C(=O)n2[nH]c(=O)c3c(F)cccc3c2=O)cc1,10.14,7.99
CHEMBL4453373,NS(=O)(=O)c1ccc(C(=O)n2[nH]c(=O)c3cc([N+](=O)[O-])ccc3c2=O)cc1,10.14,7.99
CHEMBL4444582,NS(=O)(=O)c1ccc(C(=O)n2[nH]c(=O)c3cc(F)ccc3c2=O)cc1,10.14,7.99
CHEMBL5184339,NS(=O)(=O)c1ccc(C(=O)n2[nH]c(=O)c3cc4c(=O)[nH]n(C(=O)c5ccc(S(N)(=O)=O)cc5)c(=O)c4cc3c2=O)cc1,10.14,7.99
CHEMBL4541764,NS(=O)(=O)c1ccc(C(=O)n2[nH]c(=O)c3ccc(C(=O)O)cc3c2=O)cc1,10.14,7.99
CHEMBL5170504,NS(=O)(=O)c1ccc(C(=O)n2[nH]c(=O)c3ccccc3c2=O)cc1,10.14,7.99
CHEMBL5185236,NS(=O)(=O)c1ccc(C(=O)N2NC(=O)C3CC=CCC3C2=O)cc1,10.14,7.99
CHEMBL5196628,NS(=O)(=O)c1ccc(C(=O)N2NC(=O)c3cccc4cccc(c34)C2=O)cc1,10.14,7.99
CHEMBL5195934,NS(=O)(=O)c1ccc(C(=O)N2NC(=O)C3CCCCC3C2=O)cc1,10.14,7.99
CHEMBL414,NS(=O)(=O)c1ccc(C(=O)O)cc1,880.0,6.06
CHEMBL414,NS(=O)(=O)c1ccc(C(=O)O)cc1,15000.0,4.82
CHEMBL414,NS(=O)(=O)c1ccc(C(=O)O)cc1,15000.0,4.82
CHEMBL105637,NS(=O)(=O)c1ccc(CCCCCO)cc1,8.0,8.1
CHEMBL316582,NS(=O)(=O)c1ccc(CCCCO)cc1,15.0,7.82
CHEMBL105688,NS(=O)(=O)c1ccc(CCCO)c(F)c1,20.0,7.7
CHEMBL105573,NS(=O)(=O)c1ccc(CCCO)cc1,64.0,7.19
CHEMBL4857605,NS(=O)(=O)c1ccc(CCNC(=S)Nc2ccc3ncnc(Nc4cccc(C(F)(F)F)c4)c3c2)cc1,241.5,6.62
CHEMBL2392427,NS(=O)(=O)c1ccc(CCNCc2cccc3ccccc23)cc1,153.18,6.82
CHEMBL6784,NS(=O)(=O)c1ccc(CCO)cc1,3000.0,5.52
CHEMBL2392432,NS(=O)(=O)c1ccc(CNC2CC(=O)N(c3cccc(Br)c3)C2=O)cc1,48.09,7.32
CHEMBL6919,NS(=O)(=O)c1ccc(CO)cc1,5700.0,5.24
CHEMBL4644942,NS(=O)(=O)c1ccc(N2C(=O)CC/C2=C\C(=O)c2ccc([N+](=O)[O-])cc2Cl)cc1,0.46,9.34
CHEMBL4633178,NS(=O)(=O)c1ccc(N2C(=O)CC/C2=C\C(=O)c2cccc(F)c2)cc1,0.46,9.34
CHEMBL4799997,NS(=O)(=O)c1ccc(N2CCN(c3ccc(F)cc3F)C2=O)cc1,780.0,6.11
CHEMBL2392429,NS(=O)(=O)c1ccc(NC(=O)c2cccc(N3C(=O)CCC3=O)c2)cc1,33.92,7.47
CHEMBL4759737,NS(=O)(=O)c1ccc(NC(=O)CSC(=S)N2CCN(C(=O)c3ccco3)CC2)cc1,857.0,6.07
CHEMBL4746908,NS(=O)(=O)c1ccc(NC(=O)CSC(=S)N2CCN(c3ccc([N+](=O)[O-])cc3)CC2)cc1,2234.0,5.65
CHEMBL4741640,NS(=O)(=O)c1ccc(NC(=O)CSC(=S)N2CCN(C3CCCCC3)CC2)cc1,522.0,6.28
CHEMBL4747356,NS(=O)(=O)c1ccc(NC(=O)CSC(=S)N2CCN(c3ccccn3)CC2)cc1,39.0,7.41
CHEMBL4750069,NS(=O)(=O)c1ccc(NC(=O)CSC(=S)N2CCN(c3ncccn3)CC2)cc1,191.0,6.72
CHEMBL4783836,NS(=O)(=O)c1ccc(NC(=O)CSC(=S)N2CCN(Cc3ccc(F)cc3)CC2)cc1,251.0,6.6
CHEMBL2298035,NS(=O)(=O)c1ccc(NC(=S)NC(=O)c2ccc([N+](=O)[O-])cc2)cc1,749.28,6.12
CHEMBL2298033,NS(=O)(=O)c1ccc(NC(=S)NC(=O)c2ccc(Cl)cc2)cc1,12.94,7.89
CHEMBL179559,NS(=O)(=O)c1ccc(NC(=S)NC(=O)c2ccc(Cl)cc2Cl)cc1,11.82,7.93
CHEMBL2392423,NS(=O)(=O)c1ccc(NC(=S)NC(=O)c2ccccc2)cc1,60.93,7.21
CHEMBL2392423,NS(=O)(=O)c1ccc(NC(=S)NC(=O)c2ccccc2)cc1,60.93,7.21
CHEMBL3290513,NS(=O)(=O)c1ccc(NC(=S)NC(=O)c2ccccc2Cl)cc1,22.86,7.64
CHEMBL4846607,NS(=O)(=O)c1ccc(NC(=S)Nc2ccc3ncnc(Nc4cccc(C(F)(F)F)c4)c3c2)cc1,526.2,6.28
CHEMBL2336904,NS(=O)(=O)c1ccc(Nc2nnc(-c3cccc(S(N)(=O)=O)c3)c3ccccc23)cc1,455.1,6.34
CHEMBL1098205,NS(=O)(=O)c1ccc(Oc2ccccc2)c(C(=O)NCc2ccccc2)c1,35.9,7.45
CHEMBL319397,NS(=O)(=O)c1ccc(S(=O)(=O)CCCCO)c(F)c1,4.0,8.4
CHEMBL105731,NS(=O)(=O)c1ccc(S(=O)(=O)CCCCO)cc1,7.0,8.15
CHEMBL104621,NS(=O)(=O)c1ccc(S(=O)(=O)CCCCO)s1,2.3,8.64
CHEMBL104621,NS(=O)(=O)c1ccc(S(=O)(=O)CCCCO)s1,2.3,8.64
CHEMBL316814,NS(=O)(=O)c1ccc(S(=O)(=O)CCCO)c(C(=O)O)c1,900.0,6.05
CHEMBL104868,NS(=O)(=O)c1ccc(S(=O)(=O)CCCO)c(F)c1,4.5,8.35
CHEMBL104000,NS(=O)(=O)c1ccc(S(=O)(=O)CCCO)cc1,12.0,7.92
CHEMBL105725,NS(=O)(=O)c1ccc(S(=O)(=O)CCCO)s1,6.0,8.22
CHEMBL104929,NS(=O)(=O)c1ccc(S(=O)(=O)CCO)c(F)c1,5.0,8.3
CHEMBL104459,NS(=O)(=O)c1ccc(S(=O)(=O)CCO)cc1,24.0,7.62
CHEMBL104463,NS(=O)(=O)c1ccc(S(=O)(=O)CCO)s1,6.0,8.22
CHEMBL77517,NS(=O)(=O)c1ccc(S(=O)(=O)Nc2cccc3c(Cl)c[nH]c23)cc1,15.0,7.82
CHEMBL1095531,NS(=O)(=O)c1ccc(Sc2c(F)c(F)cc(F)c2F)c(C(=O)NCCc2ccccn2)c1,18.4,7.74
CHEMBL1095884,NS(=O)(=O)c1ccc(Sc2c(F)c(F)cc(F)c2F)nc1,8.29,8.08
CHEMBL1098496,NS(=O)(=O)c1ccc(Sc2ccccc2)c(C(=O)NCc2ccccc2)c1,12.3,7.91
CHEMBL1096820,NS(=O)(=O)c1ccc(Sc2ccccc2)c(C(=O)NCc2ccccn2)c1,67.6,7.17
CHEMBL1098207,NS(=O)(=O)c1ccc(Sc2ccccc2CO)c(C(=O)NCc2ccccn2)c1,106.0,6.97
CHEMBL1098208,NS(=O)(=O)c1ccc(Sc2ccccn2)c(C(=O)NCc2ccccn2)c1,84.1,7.08
CHEMBL1098206,NS(=O)(=O)c1ccc(SCc2ccccc2)c(C(=O)NCc2ccccc2)c1,10.1,8.0
CHEMBL319239,NS(=O)(=O)c1ccc(SCCCCCO)cc1,4.3,8.37
CHEMBL104754,NS(=O)(=O)c1ccc(SCCCCO)c(F)c1,1.5,8.82
CHEMBL104754,NS(=O)(=O)c1ccc(SCCCCO)c(F)c1,1.5,8.82
CHEMBL107537,NS(=O)(=O)c1ccc(SCCCCO)cc1,9.0,8.05
CHEMBL107437,NS(=O)(=O)c1ccc(SCCCCO)s1,3.0,8.52
CHEMBL108015,NS(=O)(=O)c1ccc(SCCCO)c([N+](=O)[O-])c1,23.0,7.64
CHEMBL105380,NS(=O)(=O)c1ccc(SCCCO)c(C(=O)O)c1,10000.0,5.0
CHEMBL105607,NS(=O)(=O)c1ccc(SCCCO)c(Cl)c1,9.0,8.05
CHEMBL322223,NS(=O)(=O)c1ccc(SCCCO)c(F)c1,3.5,8.46
CHEMBL104311,NS(=O)(=O)c1ccc(SCCCO)cc1,20.0,7.7
CHEMBL106683,NS(=O)(=O)c1ccc(SCCCO)s1,10.0,8.0
CHEMBL105730,NS(=O)(=O)c1ccc(SCCO)c([N+](=O)[O-])c1,21.0,7.68
CHEMBL107266,NS(=O)(=O)c1ccc(SCCO)c(F)c1,9.0,8.05
CHEMBL106848,NS(=O)(=O)c1ccc(SCCO)cc1,37.0,7.43
CHEMBL106848,NS(=O)(=O)c1ccc(SCCO)cc1,60.0,7.22
CHEMBL318951,NS(=O)(=O)c1ccc(SCCO)s1,30.0,7.52
CHEMBL367035,NS(=O)(=O)c1cccc([N+](=O)[O-])c1,410.0,6.39
CHEMBL4447505,NS(=O)(=O)c1cccc(NC(=S)NC(=O)c2ccc([N+](=O)[O-])cc2)c1,142.48,6.85
CHEMBL3237494,NS(=O)(=O)c1cccc(NC(=S)NC(=O)c2ccc(Cl)cc2)c1,239.58,6.62
CHEMBL3237495,NS(=O)(=O)c1cccc(NC(=S)NC(=O)c2ccc(Cl)cc2Cl)c1,949.64,6.02
CHEMBL4584443,NS(=O)(=O)c1cccc(NC(=S)NC(=O)c2ccccc2)c1,166.58,6.78
CHEMBL3237492,NS(=O)(=O)c1cccc(NC(=S)NC(=O)c2ccccc2Cl)c1,276.83,6.56
CHEMBL2392430,NS(=O)(=O)c1cccc(NS(=O)(=O)c2ccc3c4c(cccc24)C(=O)N3)c1,3873.0,5.41
CHEMBL1098839,NS(=O)(=O)c1cnc(Sc2c(F)c(F)cc(F)c2F)c(C(=O)NCc2ccccn2)c1,23.2,7.63
CHEMBL1098657,NS(=O)(=O)c1cnc(Sc2ccc(F)c(F)c2)c(CO)c1,79.3,7.1
CHEMBL1094898,NS(=O)(=O)c1cnc(Sc2ccccc2)c(C(=O)NCCc2ccccc2)c1,26.6,7.58
CHEMBL79738,NS(=O)(=O)c1nc2cc(O)ccc2s1,5.0,8.3
CHEMBL186335,NS(=O)(=O)c1nc2ccc([N+](=O)[O-])cc2s1,250.0,6.6
CHEMBL6685,NS(=O)(=O)c1nc2ccc(O)cc2s1,4.0,8.4
CHEMBL420961,NS(=O)(=O)c1nc2ccc(OC(=O)/C=C/c3ccccc3)cc2s1,15.0,7.82
CHEMBL82643,NS(=O)(=O)c1nc2ccc(OC(=O)c3ccccc3)cc2s1,8.0,8.1
CHEMBL312813,NS(=O)(=O)c1nc2ccc(OC(=O)C3CCCCC3)cc2s1,6.0,8.22
CHEMBL311440,NS(=O)(=O)c1nc2ccc(OC(=O)Cc3ccc(Cl)cc3)cc2s1,10.0,8.0
CHEMBL311089,NS(=O)(=O)c1nc2ccc(OC(=O)CC3CCCC3)cc2s1,6.0,8.22
CHEMBL84169,NS(=O)(=O)c1nc2ccc(OC(=O)Cc3ccccc3)cc2s1,30.0,7.52
CHEMBL503194,NS(=O)(=O)c1nnc(NC(=O)c2nn(-c3cccc(/N=N/C(C(=O)c4ccccc4)C(=O)c4ccccc4)c3)c(-c3ccccc3)c2C(=O)c2ccccc2)s1,220.0,6.66
CHEMBL503194,NS(=O)(=O)c1nnc(NC(=O)c2nn(-c3cccc(/N=N/C(C(=O)c4ccccc4)C(=O)c4ccccc4)c3)c(-c3ccccc3)c2C(=O)c2ccccc2)s1,20.0,7.7
CHEMBL508578,NS(=O)(=O)c1nnc(NC(=O)c2nn(-c3cccc(/N=N/c4c(O)ccc5ccccc45)c3)c(-c3ccccc3)c2C(=O)c2ccccc2)s1,20.0,7.7
CHEMBL508578,NS(=O)(=O)c1nnc(NC(=O)c2nn(-c3cccc(/N=N/c4c(O)ccc5ccccc45)c3)c(-c3ccccc3)c2C(=O)c2ccccc2)s1,10.0,8.0
CHEMBL510182,NS(=O)(=O)c1nnc(NC(=O)c2nn(-c3cccc(/N=N/c4ccc(O)cc4)c3)c(-c3ccccc3)c2C(=O)c2ccccc2)s1,22.0,7.66
CHEMBL510182,NS(=O)(=O)c1nnc(NC(=O)c2nn(-c3cccc(/N=N/c4ccc(O)cc4)c3)c(-c3ccccc3)c2C(=O)c2ccccc2)s1,40.0,7.4
CHEMBL513820,NS(=O)(=O)c1nnc(NC(=O)c2nn(-c3cccc(I)c3)c(-c3ccccc3)c2C(=O)c2ccccc2)s1,130.0,6.89
CHEMBL513820,NS(=O)(=O)c1nnc(NC(=O)c2nn(-c3cccc(I)c3)c(-c3ccccc3)c2C(=O)c2ccccc2)s1,360.0,6.44
CHEMBL513659,NS(=O)(=O)c1nnc(NC(=O)c2nn(-c3cccc(O)c3)c(-c3ccccc3)c2C(=O)c2ccccc2)s1,260.0,6.58
CHEMBL513659,NS(=O)(=O)c1nnc(NC(=O)c2nn(-c3cccc(O)c3)c(-c3ccccc3)c2C(=O)c2ccccc2)s1,10.0,8.0
CHEMBL67154,NS(=O)(=O)CS(=O)(=O)c1ccc(O)cc1,400.0,6.4
CHEMBL67823,NS(=O)(=O)CS(=O)(=O)CCc1ccccc1,100.0,7.0
CHEMBL304744,NS(=O)(=O)CS(=O)(=O)CCCc1ccccc1,190.0,6.72
CHEMBL69926,NS(=O)(=O)CSc1ccc(O)cc1,2900.0,5.54
CHEMBL66513,NS(=O)(=O)CSCCc1ccccc1,2000.0,5.7
CHEMBL66752,NS(=O)(=O)CSCCCc1ccccc1,1200.0,5.92
CHEMBL3092998,NS(=O)(=O)NC[C@@H]1COc2ccccc2O1,77000.0,4.11
CHEMBL3093005,NS(=O)(=O)NC[C@H]1COc2c(F)cccc2O1,70000.0,4.16
CHEMBL3093007,NS(=O)(=O)NC[C@H]1COc2cc(Br)ccc2O1,36000.0,4.44
CHEMBL3093009,NS(=O)(=O)NC[C@H]1COc2cc(Cl)c(Cl)cc2O1,30000.0,4.52
CHEMBL3093006,NS(=O)(=O)NC[C@H]1COc2cc(F)ccc2O1,75000.0,4.12
CHEMBL3093003,NS(=O)(=O)NC[C@H]1COc2ccc(Cl)cc2O1,36000.0,4.44
CHEMBL3093004,NS(=O)(=O)NC[C@H]1COc2cccc(Cl)c2O1,56000.0,4.25
CHEMBL3092997,NS(=O)(=O)NC[C@H]1COc2ccccc2O1,97000.0,4.01
CHEMBL175644,NS(=O)(=O)NCC1CCc2ccccc2O1,71000.0,4.15
CHEMBL1088203,NS(=O)(=O)NCc1cccc2ccccc12,21000.0,4.68
CHEMBL1077117,NS(=O)(=O)NCc1coc2ccccc12,7100.0,5.15
CHEMBL3093012,NS(=O)(=O)NCC1COc2ccccc2OC1,17000.0,4.77
CHEMBL1084920,NS(=O)(=O)NCc1csc2ccc(Br)cc12,100000.0,4.0
CHEMBL1084675,NS(=O)(=O)NCc1csc2ccc(Cl)cc12,8400.0,5.08
CHEMBL1084918,NS(=O)(=O)NCc1csc2ccc(F)cc12,30000.0,4.52
CHEMBL1084919,NS(=O)(=O)NCc1csc2cccc(Br)c12,3700.0,5.43
CHEMBL177623,NS(=O)(=O)NCC1Oc2ccccc2O1,71000.0,4.15
CHEMBL3093001,NS(=O)(=O)NCCC1COc2ccccc2O1,25000.0,4.6
CHEMBL4870385,NS(=O)(=O)OC[C@H]1C[C@@H](Nc2ncncc2C(=O)c2ccn(Cc3cccc(Br)c3)n2)C[C@@H]1O,10.0,8.0
CHEMBL4441746,NS(=O)(=O)Oc1ccc(-c2ccc3occc3c2)cc1,2600.0,5.58
CHEMBL4476741,NS(=O)(=O)Oc1ccc(-c2ccc3sccc3c2)cc1,1320.0,5.88
CHEMBL3098847,NS(=O)(=O)Oc1ccc2c(c1)OC(=O)C1CCCCCC21,22.0,7.66
CHEMBL286738,NS(=O)(=O)Oc1ccc2c3c(c(=O)oc2c1)CCCCC3,17.0,7.77
CHEMBL180475,NS(=O)(=O)OCC1CCc2ccccc2O1,130.0,6.89
CHEMBL175786,NS(=O)(=O)OCC1Oc2ccccc2O1,280.0,6.55
CHEMBL4303669,O.O=P(O)(O)C(O)(Cn1ccnc1)P(=O)(O)O,62.0,7.21
CHEMBL4303669,O.O=P(O)(O)C(O)(Cn1ccnc1)P(=O)(O)O,62.0,7.21
CHEMBL3291013,O=[N+]([O-])c1ccc(-c2ccc(S(=O)(=O)NC(P(=O)(O)O)P(=O)(O)O)cc2)cc1,71.0,7.15
CHEMBL3291007,O=[N+]([O-])c1ccc(S(=O)(=O)NC(P(=O)(O)O)P(=O)(O)O)cc1,1830.0,5.74
CHEMBL362436,O=[N+]([O-])c1ccc(S(=O)(=O)Nc2ccccc2)cc1,7321.0,5.13
CHEMBL3291008,O=[N+]([O-])c1cccc(S(=O)(=O)NC(P(=O)(O)O)P(=O)(O)O)c1,3820.0,5.42
CHEMBL1094528,O=[N+]([O-])O[C@@H]1CC2c3ccccc3C1[C@@H]2O,98100.0,4.01
CHEMBL1094857,O=[N+]([O-])O[C@@H]1CC2CCC1[C@@H]2O,65100.0,4.19
CHEMBL1094530,O=[N+]([O-])O[C@H]1C[C@H](O[N+](=O)[O-])[C@@H](O)C[C@@H]1O,86300.0,4.06
CHEMBL1094856,O=[N+]([O-])O[C@H]1CC2CCC1[C@@H]2O,73100.0,4.14
CHEMBL4174859,O=C(/C=C/c1cn(S(=O)(=O)c2ccc([N+](=O)[O-])cc2)c2ccccc12)c1ccncc1,14100.0,4.85
CHEMBL4169670,O=C(/C=C/c1cn(S(=O)(=O)c2ccc(Cl)cc2)c2ccccc12)c1ccncc1,13500.0,4.87
CHEMBL4160867,O=C(/C=C/c1cn(S(=O)(=O)c2ccc(Cl)cc2Cl)c2ccccc12)c1ccncc1,9100.0,5.04
CHEMBL4166636,O=C(/C=C/c1cn(S(=O)(=O)c2cccc([N+](=O)[O-])c2)c2ccccc12)c1ccncc1,24320.0,4.61
CHEMBL4169120,O=C(/C=C/c1cn(S(=O)(=O)c2cccc3ccccc23)c2ccccc12)c1ccncc1,65220.0,4.19
CHEMBL4167235,O=C(/C=C/c1cn(S(=O)(=O)c2ccccc2[N+](=O)[O-])c2ccccc12)c1ccncc1,36210.0,4.44
CHEMBL4089189,O=C(CSC(=S)NN1CCCCC1)NCc1ccc2c(c1)OCO2,0.651,9.19
CHEMBL4090426,O=C(CSC(=S)NN1CCN(c2ccc([N+](=O)[O-])cc2)CC1)NCc1ccc2c(c1)OCO2,0.799,9.1
CHEMBL4069396,O=C(CSC(=S)NN1CCN(c2ncccn2)CC1)NCc1ccc2c(c1)OCO2,0.855,9.07
CHEMBL4081323,O=C(CSC(=S)NN1CCOCC1)NCc1ccc2c(c1)OCO2,0.287,9.54
CHEMBL4099344,O=C(CSC(=S)NN1CCSCC1)NCc1ccc2c(c1)OCO2,0.338,9.47
CHEMBL4075535,O=C(CSc1nnc(Nc2ccccc2)s1)N/N=C/c1ccc(-c2ccc(Br)cc2)o1,0.41,9.39
CHEMBL4100496,O=C(CSc1nnc(Nc2ccccc2)s1)N/N=C/c1ccc(-c2ccc(Cl)cc2)o1,0.19,9.72
CHEMBL4097972,O=C(CSc1nnc(Nc2ccccc2)s1)N/N=C/c1ccc(-c2ccc(Cl)cc2Cl)o1,0.39,9.41
CHEMBL4072122,O=C(CSc1nnc(Nc2ccccc2)s1)N/N=C/c1ccc(-c2cccc([N+](=O)[O-])c2)o1,0.47,9.33
CHEMBL4064130,O=C(CSc1nnc(Nc2ccccc2)s1)N/N=C/c1ccc(-c2cccc(Cl)c2)o1,0.53,9.28
CHEMBL4073678,O=C(CSc1nnc(Nc2ccccc2)s1)N/N=C/c1ccc(-c2ccccc2[N+](=O)[O-])o1,0.34,9.47
CHEMBL5404116,O=C(Nc1ccc(OS(=O)(=O)c2ccccc2)cc1)C12CC3CC(CC(C3)C1)C2,880.0,6.06
CHEMBL4476621,O=C(NNC(=S)Nc1ccc(Cl)c(Cl)c1)c1ccccc1O,29.0,7.54
CHEMBL331715,O=C(NO)C(F)(F)F,3800.0,5.42
CHEMBL331715,O=C(NO)C(F)(F)F,3800.0,5.42
CHEMBL447810,O=C(O)c1c(O)cc([N+](=O)[O-])cc1[N+](=O)[O-],2800.0,5.55
CHEMBL898,O=C(O)c1cc(-c2ccc(F)cc2F)ccc1O,2700.0,5.57
CHEMBL421,O=C(O)c1cc(/N=N/c2ccc(S(=O)(=O)Nc3ccccn3)cc2)ccc1O,4490.0,5.35
CHEMBL1375,O=C(O)c1cc(Cl)ccc1O,720.0,6.14
CHEMBL4177384,O=C1/C(=C\c2ccc([N+](=O)[O-])cc2)S/C(=N/c2ccccc2)N1Cc1ccncc1,14440.0,4.84
CHEMBL4172916,O=C1/C(=C\c2ccc(O)c(O)c2)S/C(=N/c2ccccc2)N1Cc1ccncc1,27180.0,4.57
CHEMBL5180694,O=c1cc(C[n+]2cn(Cc3ccc4ccccc4c3)c3ccccc32)c2ccc(O)c(O)c2o1.[Cl-],6010.0,5.22
CHEMBL5194812,O=c1cc(C[n+]2cn(Cc3ccc4ccccc4c3)c3ccccc32)c2ccc(O)cc2o1.[Cl-],6010.0,5.22
CHEMBL5179974,O=c1cc(Cn2c[n+](CCCCCn3c[n+](Cc4cc(=O)oc5cc(O)ccc45)c4ccccc43)c3ccccc32)c2ccc(O)cc2o1.[Cl-].[Cl-],89000.0,4.05
CHEMBL5174251,O=c1cc(Cn2c[n+](CCCCn3c[n+](Cc4cc(=O)oc5cc(O)ccc45)c4ccccc43)c3ccccc32)c2ccc(O)cc2o1.[Cl-].[Cl-],94000.0,4.03
CHEMBL442687,O=c1oc2cc(O)ccc2s1,1770.0,5.75
CHEMBL2408075,O=c1oc2ccccc2c(Cl)c1/C=N/c1ccc(S(=O)(=O)Nc2nccs2)cc1,58.0,7.24
CHEMBL2440438,O=P(O)(O)C(Nc1ccc(O)cc1)P(=O)(O)O,8199.0,5.09
CHEMBL2440432,O=P(O)(O)C(Nc1ccc(Oc2ccc(Br)cc2)cc1)P(=O)(O)O,7469.0,5.13
CHEMBL2440431,O=P(O)(O)C(Nc1ccc(Oc2ccc(Cl)cc2)cc1)P(=O)(O)O,9371.0,5.03
CHEMBL55371,O=P(O)(O)C(Nc1cccc(-c2ccccc2)c1)P(=O)(O)O,9371.0,5.03
CHEMBL2440429,O=P(O)(O)C(Nc1cccc2ccccc12)P(=O)(O)O,9091.0,5.04
CHEMBL3291011,O=P(O)(O)C(NS(=O)(=O)c1ccc(-c2ccc(Cl)cc2)cc1)P(=O)(O)O,2660.0,5.58
CHEMBL3291009,O=P(O)(O)C(NS(=O)(=O)c1ccc(-c2ccccc2)cc1)P(=O)(O)O,1410.0,5.85
CHEMBL3291010,O=P(O)(O)C(NS(=O)(=O)c1ccc(-c2cccs2)cc1)P(=O)(O)O,504.0,6.3
CHEMBL3291001,O=P(O)(O)C(NS(=O)(=O)c1ccc(Cl)cc1)P(=O)(O)O,6160.0,5.21
CHEMBL4447079,O=S(=O)(Oc1ccc(-c2ccc3occc3c2)cc1)c1ccc(F)cc1,140.0,6.85
CHEMBL4554647,O=S(=O)(Oc1ccc(-c2ccc3occc3c2)cc1)c1ccccc1,410.0,6.39
CHEMBL4528023,O=S(=O)(Oc1ccc(-c2ccc3sccc3c2)cc1)c1ccc(F)cc1,2100.0,5.68
CHEMBL4540118,O=S(=O)(Oc1ccc(-c2ccc3sccc3c2)cc1)c1ccccc1,1490.0,5.83
CHEMBL4107001,,2159.0,5.67
CHEMBL4114526,,652.0,6.19
CHEMBL4115746,,170.0,6.77
