molecule_identity_key,canonical_smiles,activity_pchembl,activity_class,n_records,is_conflicted,grid_col,grid_row
CHEMBL101370,NS(=O)(=O)c1cc2cc(CNCCF)sc2o1,7.92,active,1,0,23,32
CHEMBL101371,NS(=O)(=O)c1cc2cc(CNCc3ccccn3)sc2o1,8.09,active,1,0,23,30
CHEMBL101792,COCCOCCCNCc1cc2cc(S(N)(=O)=O)oc2s1,7.85,active,1,0,24,32
CHEMBL103087,CNCc1cc2cc(S(N)(=O)=O)oc2s1,8.05,active,1,0,25,31
CHEMBL103143,COCCN(CCOC)Cc1cc2cc(S(N)(=O)=O)oc2s1,8.29,active,1,0,23,33
CHEMBL103255,COCCOCCN(CCOC)Cc1cc2cc(S(N)(=O)=O)oc2s1,8.19,active,1,0,22,33
CHEMBL103271,CCOCCNCc1cc2cc(S(N)(=O)=O)oc2s1,8.1,active,1,0,22,32
CHEMBL103621,CCNCc1cc2cc(S(N)(=O)=O)oc2s1,7.96,active,1,0,24,30
CHEMBL104,Clc1ccccc1C(c1ccccc1)(c1ccccc1)n1ccnc1,4.52,inactive,1,0,22,11
CHEMBL104000,NS(=O)(=O)c1ccc(S(=O)(=O)CCCO)cc1,7.92,active,1,0,26,25
CHEMBL104311,NS(=O)(=O)c1ccc(SCCCO)cc1,7.7,active,1,0,24,28
CHEMBL104442,CC(=O)OCCS(=O)(=O)c1ccc(S(N)(=O)=O)s1,8.26,active,1,0,24,29
CHEMBL104459,NS(=O)(=O)c1ccc(S(=O)(=O)CCO)cc1,7.62,active,1,0,26,24
CHEMBL104463,NS(=O)(=O)c1ccc(S(=O)(=O)CCO)s1,8.22,active,1,0,28,30
CHEMBL104524,Nc1cc(S(N)(=O)=O)ccc1S(=O)(=O)CCO,7.29,active,1,0,27,24
CHEMBL104621,NS(=O)(=O)c1ccc(S(=O)(=O)CCCCO)s1,8.64,active,1,0,25,29
CHEMBL104630,CC(C)CNCCCS(=O)(=O)c1ccc(S(N)(=O)=O)s1,7.75,active,1,0,25,30
CHEMBL104666,CC(=O)OCCCS(=O)(=O)c1ccc(S(N)(=O)=O)s1,8.3,active,1,0,26,30
CHEMBL104754,NS(=O)(=O)c1ccc(SCCCCO)c(F)c1,8.82,active,1,0,28,27
CHEMBL104868,NS(=O)(=O)c1ccc(S(=O)(=O)CCCO)c(F)c1,8.35,active,1,0,27,25
CHEMBL104929,NS(=O)(=O)c1ccc(S(=O)(=O)CCO)c(F)c1,8.3,active,1,0,27,26
CHEMBL104961,COC(=O)c1cc(S(N)(=O)=O)ccc1S(=O)(=O)CCO,7.52,active,1,0,29,24
CHEMBL105080,NS(=O)(=O)c1cc2cc(CN3CCOCC3)sc2o1,8.25,active,1,0,26,31
CHEMBL105380,NS(=O)(=O)c1ccc(SCCCO)c(C(=O)O)c1,5.0,inactive,1,0,29,27
CHEMBL1055,NS(=O)(=O)c1cc(C2(O)NC(=O)c3ccccc32)ccc1Cl,6.17,medium,1,0,29,20
CHEMBL105573,NS(=O)(=O)c1ccc(CCCO)cc1,7.19,active,1,0,26,23
CHEMBL105607,NS(=O)(=O)c1ccc(SCCCO)c(Cl)c1,8.05,active,1,0,28,29
CHEMBL105637,NS(=O)(=O)c1ccc(CCCCCO)cc1,8.1,active,1,0,25,24
CHEMBL105688,NS(=O)(=O)c1ccc(CCCO)c(F)c1,7.7,active,1,0,28,26
CHEMBL105691,Nc1cc(S(N)(=O)=O)ccc1S(=O)(=O)CCCO,7.64,active,1,0,28,24
CHEMBL105713,CC(C)CNCc1cc2cc(S(N)(=O)=O)oc2s1,8.22,active,1,0,24,31
CHEMBL105725,NS(=O)(=O)c1ccc(S(=O)(=O)CCCO)s1,8.22,active,1,0,26,29
CHEMBL105730,NS(=O)(=O)c1ccc(SCCO)c([N+](=O)[O-])c1,7.68,active,1,0,29,28
CHEMBL105731,NS(=O)(=O)c1ccc(S(=O)(=O)CCCCO)cc1,8.15,active,1,0,25,26
CHEMBL106493,COCCCNCc1cc2cc(S(N)(=O)=O)oc2s1,7.92,active,1,0,20,32
CHEMBL106683,NS(=O)(=O)c1ccc(SCCCO)s1,8.0,active,1,0,27,29
CHEMBL106848,NS(=O)(=O)c1ccc(SCCO)cc1,7.324999999999999,active,2,0,26,26
CHEMBL107266,NS(=O)(=O)c1ccc(SCCO)c(F)c1,8.05,active,1,0,27,27
CHEMBL107437,NS(=O)(=O)c1ccc(SCCCCO)s1,8.52,active,1,0,26,28
CHEMBL107537,NS(=O)(=O)c1ccc(SCCCCO)cc1,8.05,active,1,0,26,27
CHEMBL1077117,NS(=O)(=O)NCc1coc2ccccc12,5.15,inactive,1,0,21,26
CHEMBL1077134,Cc1oc2ccccc2c1CNS(N)(=O)=O,4.6,inactive,1,0,20,26
CHEMBL108015,NS(=O)(=O)c1ccc(SCCCO)c([N+](=O)[O-])c1,7.64,active,1,0,28,28
CHEMBL1084674,Cn1cc(CNS(N)(=O)=O)c2ccccc21,4.32,inactive,1,0,21,27
CHEMBL1084675,NS(=O)(=O)NCc1csc2ccc(Cl)cc12,5.08,inactive,1,0,22,26
CHEMBL1084918,NS(=O)(=O)NCc1csc2ccc(F)cc12,4.52,inactive,1,0,23,28
CHEMBL1084919,NS(=O)(=O)NCc1csc2cccc(Br)c12,5.43,inactive,1,0,22,29
CHEMBL1084920,NS(=O)(=O)NCc1csc2ccc(Br)cc12,4.0,inactive,1,0,23,29
CHEMBL1086703,CCNC(=O)c1cc(S(N)(=O)=O)cnc1Sc1ccccc1,7.7,active,1,0,32,21
CHEMBL1086777,Cc1ccc2scc(CNS(N)(=O)=O)c2c1,4.35,inactive,1,0,22,27
CHEMBL1086834,COCCCNC(=O)c1cc(S(N)(=O)=O)cnc1Sc1ccc(F)c(F)c1,7.46,active,1,0,34,18
CHEMBL1087373,NS(=O)(=O)C(F)(F)C(F)(F)C(F)(F)C(F)(F)C(F)(F)C(F)(F)F,6.91,medium,1,0,22,20
CHEMBL1088203,NS(=O)(=O)NCc1cccc2ccccc12,4.68,inactive,1,0,21,28
CHEMBL1094528,O=[N+]([O-])O[C@@H]1CC2c3ccccc3C1[C@@H]2O,4.01,inactive,1,0,20,19
CHEMBL1094530,O=[N+]([O-])O[C@H]1C[C@H](O[N+](=O)[O-])[C@@H](O)C[C@@H]1O,4.06,inactive,1,0,21,18
CHEMBL1094856,O=[N+]([O-])O[C@H]1CC2CCC1[C@@H]2O,4.14,inactive,1,0,19,18
CHEMBL1094857,O=[N+]([O-])O[C@@H]1CC2CCC1[C@@H]2O,4.19,inactive,1,0,20,18
CHEMBL1094898,NS(=O)(=O)c1cnc(Sc2ccccc2)c(C(=O)NCCc2ccccc2)c1,7.58,active,1,0,33,18
CHEMBL1095203,COc1ccc(CNC(=O)c2cc(S(N)(=O)=O)cnc2Sc2ccc(F)c(F)c2)cc1,8.66,active,1,0,34,20
CHEMBL1095204,COCCCNC(=O)c1cc(S(N)(=O)=O)cnc1Sc1cccc(F)c1,7.59,active,1,0,33,23
CHEMBL1095531,NS(=O)(=O)c1ccc(Sc2c(F)c(F)cc(F)c2F)c(C(=O)NCCc2ccccn2)c1,7.74,active,1,0,32,19
CHEMBL1095855,COc1ccc(CNCc2cc(S(N)(=O)=O)cnc2Sc2ccc(F)c(F)c2)cc1,7.28,active,1,0,33,24
CHEMBL1095856,CCNCc1cc(S(N)(=O)=O)cnc1Sc1ccc(F)c(F)c1,6.49,medium,1,0,34,19
CHEMBL1095882,COCCCNCc1cc(S(N)(=O)=O)cnc1Sc1ccc(F)c(F)c1,6.41,medium,1,0,34,21
CHEMBL1095883,CCNC(=O)c1cc(S(N)(=O)=O)cc(F)c1SCC(C)C,8.55,active,1,0,32,23
CHEMBL1095884,NS(=O)(=O)c1ccc(Sc2c(F)c(F)cc(F)c2F)nc1,8.08,active,1,0,33,20
CHEMBL1096820,NS(=O)(=O)c1ccc(Sc2ccccc2)c(C(=O)NCc2ccccn2)c1,7.17,active,1,0,32,18
CHEMBL1096821,COCCNC(=O)c1cc(S(N)(=O)=O)ccc1SCCc1ccccc1,7.7,active,1,0,30,24
CHEMBL1096822,CC(C)CNC(=O)c1cc(S(N)(=O)=O)ccc1SC(C)C,7.67,active,1,0,31,23
CHEMBL1096823,CCNC(=O)c1cc(S(N)(=O)=O)ccc1SC1CCCC1,7.78,active,1,0,30,25
CHEMBL1098204,CCNC(=O)c1cc(S(N)(=O)=O)ccc1Sc1ccccc1,7.67,active,1,0,31,22
CHEMBL1098205,NS(=O)(=O)c1ccc(Oc2ccccc2)c(C(=O)NCc2ccccc2)c1,7.45,active,1,0,31,18
CHEMBL1098206,NS(=O)(=O)c1ccc(SCc2ccccc2)c(C(=O)NCc2ccccc2)c1,8.0,active,1,0,30,22
CHEMBL1098207,NS(=O)(=O)c1ccc(Sc2ccccc2CO)c(C(=O)NCc2ccccn2)c1,6.97,medium,1,0,31,19
CHEMBL1098208,NS(=O)(=O)c1ccc(Sc2ccccn2)c(C(=O)NCc2ccccn2)c1,7.08,active,1,0,31,20
CHEMBL1098349,CCNC(=O)c1cc(S(N)(=O)=O)cnc1Sc1cccc(F)c1,7.7,active,1,0,33,21
CHEMBL1098496,NS(=O)(=O)c1ccc(Sc2ccccc2)c(C(=O)NCc2ccccc2)c1,7.91,active,1,0,31,21
CHEMBL1098657,NS(=O)(=O)c1cnc(Sc2ccc(F)c(F)c2)c(CO)c1,7.1,active,1,0,34,22
CHEMBL1098816,CN(C)CCNC(=O)c1cc(S(N)(=O)=O)cnc1Sc1ccccc1,5.57,inactive,1,0,32,20
CHEMBL1098817,COCCNC(=O)c1cc(S(N)(=O)=O)cnc1Sc1ccccc1,7.24,active,1,0,32,22
CHEMBL1098839,NS(=O)(=O)c1cnc(Sc2c(F)c(F)cc(F)c2F)c(C(=O)NCc2ccccn2)c1,7.63,active,1,0,33,17
CHEMBL1099003,CCNC(=O)c1cc(S(N)(=O)=O)cc(F)c1SC(C)C,8.42,active,1,0,31,24
CHEMBL1099124,COCCCNC(=O)c1cc(S(N)(=O)=O)cnc1Sc1ccccc1,7.32,active,1,0,32,24
CHEMBL1099125,CCCNC(=O)c1cc(S(N)(=O)=O)cnc1Sc1ccccc1,7.57,active,1,0,31,25
CHEMBL1099137,COCCCNC(=O)c1cc(S(N)(=O)=O)cnc1Sc1c(F)c(F)cc(F)c1F,7.97,active,1,0,33,19
CHEMBL1099151,NCCCCNC(=O)c1cc(S(N)(=O)=O)cnc1Sc1c(F)c(F)cc(F)c1F,7.34,active,1,0,33,22
CHEMBL1099152,COc1ccc(CCCNC(=O)c2cc(S(N)(=O)=O)cnc2Sc2c(F)c(F)cc(F)c2F)cc1,7.94,active,1,0,34,17
CHEMBL1163131,Cc1ccc(S(=O)(=O)N2CC=CC2=O)cc1,4.74,inactive,1,0,20,17
CHEMBL1163554,Cc1ccc(S(=O)(=O)N2C(=O)C=CC2O)cc1,5.22,inactive,1,0,20,16
CHEMBL1164744,CC(=O)OC1C=CC(=O)N1S(=O)(=O)c1ccc(C)cc1,5.1,inactive,1,0,19,15
CHEMBL118,Cc1ccc(-c2cc(C(F)(F)F)nn2-c2ccc(S(N)(=O)=O)cc2)cc1,7.21,active,2,0,21,19
CHEMBL1189185,CC(C)CNCc1cc2cc(S(N)(=O)=O)sc2s1,8.6,active,1,0,24,37
CHEMBL1189346,CCN(CC)Cc1cc(S(=O)(=O)c2coc(S(N)(=O)=O)c2)ccc1O,8.0,active,1,0,12,24
CHEMBL1189668,CS(=O)(=O)CCNCc1cc2cc(S(N)(=O)=O)sc2s1,8.35,active,1,0,24,38
CHEMBL1189669,CC(C)(C)NCc1cc2cc(S(N)(=O)=O)sc2s1,8.0,active,1,0,26,37
CHEMBL1189836,CCCCNCc1ccc(S(=O)(=O)c2csc(S(N)(=O)=O)c2)cc1,7.54,active,1,0,12,18
CHEMBL1189958,CC(C)CN(C)Cc1cc(S(=O)(=O)c2csc(S(N)(=O)=O)c2)ccc1O,8.3,active,1,0,12,22
CHEMBL1190030,NS(=O)(=O)c1cc2cc(CN3CCOCC3)sc2s1,8.52,active,1,0,26,34
CHEMBL1190188,CNCc1ccc(C(=O)c2csc(S(N)(=O)=O)c2)cc1,8.35,active,1,0,8,22
CHEMBL1190282,CC(C)(C)NCC(O)COc1ccc2cc(S(N)(=O)=O)sc2c1,7.75,active,1,0,14,29
CHEMBL1190426,NS(=O)(=O)c1cc(C(=O)c2ccc(CNCc3ccccc3)cc2)cs1,8.62,active,1,0,10,19
CHEMBL1190541,CN(C)Cc1cc(S(=O)(=O)c2csc(S(N)(=O)=O)c2)ccc1O,8.05,active,1,0,13,21
CHEMBL1190546,CCCCNCc1ccc(C(=O)c2csc(S(N)(=O)=O)c2)cc1,7.92,active,1,0,10,20
CHEMBL1190548,CN(C)Cc1cc(C(=O)c2csc(S(N)(=O)=O)c2)ccc1O,8.19,active,1,0,11,23
CHEMBL1190667,CN1CCN(Cc2ccc(C(=O)c3csc(S(N)(=O)=O)c3)cc2)CC1,8.4,active,1,0,11,21
CHEMBL1190795,CC(C)(C)NCc1ccc(S(=O)(=O)c2csc(S(N)(=O)=O)c2)cc1,7.44,active,1,0,13,19
CHEMBL1190882,COCCN(CCNC(=O)c1cc2cc(S(N)(=O)=O)sc2s1)CCOC,8.6,active,1,0,24,33
CHEMBL1190921,CC(C)CNCc1cccc(S(=O)(=O)c2csc(S(N)(=O)=O)c2)c1,7.92,active,1,0,13,18
CHEMBL1191078,CC(C=O)N(Cc1cc2cc(S(N)(=O)=O)sc2s1)C(C)C=O,8.57,active,1,0,24,35
CHEMBL1191162,CCN(CC)Cc1cc(C(=O)c2csc(S(N)(=O)=O)c2)ccc1O,8.15,active,1,0,11,24
CHEMBL1191296,COCCCNCc1cc2cc(S(N)(=O)=O)sc2s1,8.31,active,1,0,23,35
CHEMBL1192134,COCCOCCN(CCOC)C(C)c1cc2cc(S(N)(=O)=O)sc2s1,9.3,active,1,0,21,33
CHEMBL1192213,CC(C)CNCc1ccc(S(=O)(=O)c2csc(S(N)(=O)=O)c2)cc1,7.89,active,1,0,12,19
CHEMBL1192338,COCCOCCN(CCOC)Cc1cc2cc(S(N)(=O)=O)sc2s1,8.55,active,1,0,21,34
CHEMBL1192340,NS(=O)(=O)c1cc2cc(CNC(CO)CO)sc2s1,8.08,active,1,0,25,36
CHEMBL1192380,CCCNC1CCS(=O)(=O)c2sc(S(N)(=O)=O)cc21,8.43,active,2,0,16,38
CHEMBL1192541,CC(C)CNCc1cc2sc(S(N)(=O)=O)cc2s1,8.55,active,1,0,22,38
CHEMBL1192547,COCCOCCCNCc1cc2cc(S(N)(=O)=O)sc2s1,8.19,active,1,0,22,36
CHEMBL1192742,COCCNCc1cc2cc(S(N)(=O)=O)sc2s1,8.3,active,1,0,23,37
CHEMBL1192744,NS(=O)(=O)c1cc2cc(CNCCF)sc2s1,8.57,active,1,0,25,38
CHEMBL1192824,CC(C)CN(C)Cc1cc(C(=O)c2csc(S(N)(=O)=O)c2)ccc1O,8.05,active,1,0,11,22
CHEMBL1192826,NS(=O)(=O)c1cc(S(=O)(=O)c2ccc(CNCc3ccccn3)cc2)cs1,8.1,active,1,0,12,17
CHEMBL1193018,CC(C)CCNCc1cccc(C(=O)c2csc(S(N)(=O)=O)c2)c1,8.05,active,1,0,10,21
CHEMBL1193342,NS(=O)(=O)c1cc2cc(C(=O)NCCN3CCSCC3)sc2s1,8.54,active,1,0,27,34
CHEMBL1193348,COCCN(CCOC)Cc1cc2sc(S(N)(=O)=O)cc2s1,8.6,active,1,0,22,35
CHEMBL1193423,CCC(C)NCc1cccc(S(=O)(=O)c2csc(S(N)(=O)=O)c2)c1,7.58,active,1,0,14,19
CHEMBL1193424,CC(C)CNCc1ccc(C(=O)c2csc(S(N)(=O)=O)c2)cc1,8.32,active,1,0,11,19
CHEMBL1193545,CSCCNCc1cc2cc(S(N)(=O)=O)sc2s1,8.4,active,1,0,24,39
CHEMBL1193618,CCN(CC)Cc1cc(S(=O)(=O)c2csc(S(N)(=O)=O)c2)ccc1O,8.05,active,1,0,13,22
CHEMBL1193776,CCNC1CCS(=O)(=O)c2sc(S(N)(=O)=O)cc21,8.620000000000001,active,2,0,20,40
CHEMBL1193781,CNC1CCS(=O)(=O)c2sc(S(N)(=O)=O)cc21,8.23,active,2,0,19,39
CHEMBL1193943,NS(=O)(=O)c1cc2cc(C(=O)NCCN3CCOCC3)sc2s1,8.54,active,1,0,27,33
CHEMBL1194027,CCN(CC)Cc1ccc(S(=O)(=O)c2csc(S(N)(=O)=O)c2)cc1O,7.8,active,1,0,14,21
CHEMBL1194224,NS(=O)(=O)c1cc(C(=O)c2ccc(CN3CCOCC3)cc2)cs1,8.43,active,1,0,9,23
CHEMBL1194579,NS(=O)(=O)c1cc2cc(CNCCO)sc2s1,8.2,active,1,0,25,37
CHEMBL1194580,CNCc1cc2sc(S(N)(=O)=O)cc2s1,8.49,active,1,0,23,36
CHEMBL1194736,C[S+]([O-])CCNCc1cc2cc(S(N)(=O)=O)sc2s1,8.08,active,1,0,23,39
CHEMBL1195006,NS(=O)(=O)c1cc2cc(CNCC(F)(F)F)sc2s1,8.66,active,1,0,26,38
CHEMBL1195095,COCCOCCNC(C)c1cc2cc(S(N)(=O)=O)sc2s1,9.15,active,1,0,22,34
CHEMBL1195107,NS(=O)(=O)c1cc2cc(CN3CCOCC3)ccc2s1,7.82,active,1,0,21,31
CHEMBL1195127,CN(C)Cc1cc(S(=O)(=O)c2coc(S(N)(=O)=O)c2)ccc1O,8.15,active,1,0,13,23
CHEMBL1195140,NS(=O)(=O)c1cc2cc(CNCC3CC3)sc2s1,8.48,active,1,0,25,39
CHEMBL1195191,CC(C)NCc1cccc(S(=O)(=O)c2csc(S(N)(=O)=O)c2)c1,7.66,active,1,0,14,18
CHEMBL1195211,NS(=O)(=O)c1cc2cc(CN(CCO)CCO)sc2s1,8.64,active,1,0,24,34
CHEMBL1195229,NC1CCS(=O)(=O)c2sc(S(N)(=O)=O)cc21,8.265,active,2,0,18,38
CHEMBL1195377,COCCN(CCOC)Cc1cc2cc(S(N)(=O)=O)sc2s1,8.38,active,1,0,23,34
CHEMBL1195549,CCCCNC1CCS(=O)(=O)c2sc(S(N)(=O)=O)cc21,8.275,active,2,0,18,39
CHEMBL1195567,CN1CCN(Cc2ccc(S(=O)(=O)c3csc(S(N)(=O)=O)c3)cc2)CC1,7.96,active,1,0,12,20
CHEMBL1195683,NS(=O)(=O)c1cc(S(=O)(=O)c2ccc(CN3CCOCC3)cc2)cs1,8.12,active,1,0,11,20
CHEMBL1195710,CCN(CC)C1CCS(=O)(=O)c2sc(S(N)(=O)=O)cc21,7.535,active,2,0,22,40
CHEMBL1195712,CC(C)CNCc1cccc(C(=O)c2csc(S(N)(=O)=O)c2)c1,7.89,active,1,0,11,18
CHEMBL1195765,CC(C)CNCc1ccc(S(=O)(=O)c2csc(S(N)(=O)=O)c2)cc1O,7.85,active,1,0,15,19
CHEMBL1195791,NS(=O)(=O)c1cc(C(=O)c2cccc(CN3CCOCC3)c2)cs1,8.3,active,1,0,10,23
CHEMBL1195808,CNCc1cc2cc(S(N)(=O)=O)sc2s1,8.52,active,1,0,24,36
CHEMBL1195890,NS(=O)(=O)c1cc2cc(CNCCCCO)sc2s1,8.52,active,1,0,23,38
CHEMBL1195891,NS(=O)(=O)c1cc2cc(CN3CCSCC3)sc2s1,8.59,active,1,0,26,35
CHEMBL1195896,COCCOCCN(CCOCCOC)Cc1cc2cc(S(N)(=O)=O)sc2s1,8.4,active,1,0,20,34
CHEMBL1195921,CC(C)CNCc1ccccc1S(=O)(=O)c1csc(S(N)(=O)=O)c1,7.75,active,1,0,13,17
CHEMBL1196091,CN(C)CCNC(=O)c1cc2cc(S(N)(=O)=O)sc2s1,8.06,active,1,0,25,33
CHEMBL1196199,COCCNCc1cc2sc(S(N)(=O)=O)cc2s1,8.55,active,1,0,22,37
CHEMBL1196517,NS(=O)(=O)c1cc(S(=O)(=O)c2ccccc2CNCc2ccccn2)cs1,7.82,active,1,0,12,16
CHEMBL1197022,CN1CCN(Cc2ccccc2S(=O)(=O)c2csc(S(N)(=O)=O)c2)CC1,7.64,active,1,0,12,21
CHEMBL120046,COCCOCCN(CCOC)c1cc2cc(S(N)(=O)=O)sc2s1,8.55,active,1,0,21,35
CHEMBL1200679,[Cl-].[Cl-].[Zn+2],5.94,inactive,1,0,21,11
CHEMBL120304,NC(=O)Nc1ccc(S(=O)(=O)Nc2ccc(S(N)(=O)=O)cc2)cc1,8.15,active,1,0,27,17
CHEMBL120418,NS(=O)(=O)c1cc2c(s1)C(=O)CCS2,8.46,active,1,0,16,35
CHEMBL120422,CCCCCCCCCS(=O)(=O)C(F)S(N)(=O)=O,8.52,active,1,0,21,22
CHEMBL1205316,NS(=O)(=O)c1cc2ccc(OP(=O)(O)O)cc2s1,7.0,active,1,0,15,31
CHEMBL1205320,NS(=O)(=O)c1cc2ccc(OS(=O)(=O)O)cc2s1,8.17,active,1,0,16,31
CHEMBL120728,CN(C)S(=O)(=O)Oc1ccc2nc(S(N)(=O)=O)sc2c1,8.92,active,1,0,12,28
CHEMBL120886,NS(=O)(=O)c1cc(C(=O)O)c(Cl)cc1Cl,4.75,inactive,3,1,29,21
CHEMBL120917,CC1(C)O[C@H]2[C@@H]3OS(=O)(=O)O[C@@H]3CC[C@@]2(COS(N)(=O)=O)O1,6.89,medium,1,0,19,19
CHEMBL121,CN(CCOc1ccc(CC2SC(=O)NC2=O)cc1)c1ccccn1,5.39,inactive,1,0,14,28
CHEMBL121031,CCN[C@H]1CN(CCCCOC)S(=O)(=O)c2sc(S(N)(=O)=O)cc21,8.49,active,1,0,17,41
CHEMBL121086,CC(C)(C)C(=O)Oc1ccc2cc(S(N)(=O)=O)oc2c1,8.335,active,2,0,14,26
CHEMBL121137,CC(C)(C)C(=O)Oc1ccc2sc(S(N)(=O)=O)cc2c1,8.59,active,1,0,19,30
CHEMBL122708,C[C@]12CC[C@@H]3c4ccc(OS(N)(=O)=O)cc4CC[C@H]3[C@@H]1CCC2=O,7.64,active,5,0,27,10
CHEMBL123923,Cc1ccc(S(=O)(=O)c2coc(S(N)(=O)=O)c2)cc1,8.38,active,1,0,14,22
CHEMBL123979,COc1ccc(S(=O)(=O)c2coc(S(N)(=O)=O)c2)cc1,8.6,active,1,0,14,23
CHEMBL125102,NS(=O)(=O)c1cc(C(=O)c2ccc(O)cc2)cs1,8.6,active,1,0,9,22
CHEMBL1276015,CCOC(=O)c1c(C(=O)Nc2nnc(S(N)(=O)=O)s2)nn(-c2cccc(/N=N/c3c(O)ccc4ccccc34)c2)c1-c1ccccc1,6.71,medium,2,0,5,30
CHEMBL1276016,CCOC(=O)c1c(C(=O)Nc2nnc(S(N)(=O)=O)s2)nn(-c2cccc(/N=N/c3ccc(O)cc3)c2)c1-c1ccccc1,6.34,medium,2,0,6,28
CHEMBL1276017,CCOC(=O)c1c(C(=O)Nc2nnc(S(N)(=O)=O)s2)nn(-c2cccc(NN=C(C(C)=O)C(C)=O)c2)c1-c1ccccc1,6.515,medium,2,0,5,27
CHEMBL1276018,CCOC(=O)c1c(C(=O)Nc2nnc(S(N)(=O)=O)s2)nn(-c2cccc(N/N=C(\C(C)=O)C(=O)c3ccccc3)c2)c1-c1ccccc1,6.355,medium,2,0,5,26
CHEMBL1276019,CCOC(=O)c1c(C(=O)Nc2nnc(S(N)(=O)=O)s2)nn(-c2cccc(NN=C(C(=O)c3ccccc3)C(=O)c3ccccc3)c2)c1-c1ccccc1,6.52,medium,2,0,4,27
CHEMBL1276020,CCOC(=O)/C(=N/Nc1cccc(-n2nc(C(=O)Nc3nnc(S(N)(=O)=O)s3)c(C(=O)OCC)c2-c2ccccc2)c1)C(=O)c1ccccc1,5.9350000000000005,inactive,2,0,4,26
CHEMBL1276021,CCOC(=O)/C(=N/Nc1cccc(-n2nc(C(=O)Nc3nnc(S(N)(=O)=O)s3)c(C(=O)OCC)c2-c2ccccc2)c1)C(C)=O,6.88,medium,2,0,4,29
CHEMBL1276022,CCOC(=O)C(=NNc1cccc(-n2nc(C(=O)Nc3nnc(S(N)(=O)=O)s3)c(C(=O)OCC)c2-c2ccccc2)c1)C(=O)OCC,7.035,active,2,0,4,30
CHEMBL1276023,CCOC(=O)c1c(C(=O)Nc2nnc(S(N)(=O)=O)s2)nn(-c2cccc(N/N=C(/C(C)=O)C(=O)OC(C)(C)C)c2)c1-c1ccccc1,7.1,active,2,0,4,28
CHEMBL1276024,CCOC(=O)c1c(C(=O)Nc2nnc(S(N)(=O)=O)s2)nn(-c2cccc3c2cc(C)n3CC(C)=O)c1-c1ccccc1,6.859999999999999,medium,2,0,5,29
CHEMBL1276394,CCOC(=O)c1c(C(=O)Nc2nnc(S(N)(=O)=O)s2)nn(-c2cccc(I)c2)c1-c1ccccc1,7.095,active,2,0,6,26
CHEMBL127817,NS(=O)(=O)c1cc(S(=O)(=O)c2cccc(O)c2)cs1,8.68,active,1,0,15,20
CHEMBL1340,COCCCN1C[C@H](N)c2cc(S(N)(=O)=O)sc2S1(=O)=O,8.89,active,1,0,19,40
CHEMBL1370332,COc1ccc(C(=O)NC(=S)Nc2ccc(S(N)(=O)=O)cc2)cc1,7.59,active,1,0,29,15
CHEMBL1375,O=C(O)c1cc(Cl)ccc1O,6.14,medium,1,0,30,18
CHEMBL1382128,Cc1ccc(S(=O)(=O)Nc2ccccc2-c2ccccc2)cc1,5.29,inactive,1,0,19,16
CHEMBL1387347,NS(=O)(=O)c1cc(C(=O)NCCOc2ccccc2)c(Cl)cc1Cl,7.98,active,1,0,30,21
CHEMBL148680,COC(=O)c1ccccc1S(N)(=O)=O,4.13,inactive,1,0,29,23
CHEMBL155152,NS(=O)(=O)c1cc2c(s1)C(O)CC[S+]2[O-],6.6,medium,1,0,15,35
CHEMBL155420,NS(=O)(=O)c1cc2c(s1)CC(O)CS2(=O)=O,7.4,active,1,0,16,36
CHEMBL158026,NS(=O)(=O)c1cc2c(s1)SCCC2O,7.52,active,1,0,18,37
CHEMBL158090,NS(=O)(=O)c1cc2c(s1)C(=O)CCS2(=O)=O,7.66,active,1,0,20,38
CHEMBL158261,NS(=O)(=O)c1cc2c(s1)SCCC2=O,8.07,active,1,0,18,36
CHEMBL158363,NS(=O)(=O)c1cc2c(s1)[S+]([O-])CCC2O,7.0,active,1,0,17,37
CHEMBL162064,NS(=O)(=O)c1cc2ccccc2[nH]1,7.35,active,1,0,20,28
CHEMBL1621411,Cc1ccc(S(=O)(=O)NCCCN(C)C)cc1,5.18,inactive,1,0,19,14
CHEMBL162168,COc1ccc2cc(S(N)(=O)=O)oc2c1,7.82,active,1,0,15,27
CHEMBL162280,COc1ccc2oc(S(N)(=O)=O)cc2c1,8.29,active,1,0,16,27
CHEMBL163094,NS(=O)(=O)c1cc2cc3c(cc2[nH]1)OCO3,7.6,active,1,0,21,29
CHEMBL164126,Nc1ccc2oc(S(N)(=O)=O)cc2c1,8.05,active,1,0,16,26
CHEMBL164189,CC(=O)Oc1ccc2cc(S(N)(=O)=O)[nH]c2c1,7.5,active,1,0,18,28
CHEMBL164438,COc1ccc2cc(S(N)(=O)=O)n(C)c2c1,6.96,medium,1,0,18,29
CHEMBL165124,CC(=O)Oc1ccc2oc(S(N)(=O)=O)cc2c1,8.19,active,1,0,15,25
CHEMBL165245,COc1ccc2cc(S(N)(=O)=O)[nH]c2c1,7.22,active,1,0,19,29
CHEMBL165346,NS(=O)(=O)c1cc2ccccc2o1,8.1,active,1,0,17,26
CHEMBL165362,COc1ccc2[nH]c(S(N)(=O)=O)cc2c1,7.8,active,1,0,21,30
CHEMBL167368,Cc1c(CCC2CCCCC2)c(=O)oc2cc(OS(N)(=O)=O)ccc12,7.82,active,1,0,13,25
CHEMBL17,NS(=O)(=O)c1cc(Cl)c(Cl)c(S(N)(=O)=O)c1,7.41,active,2,0,28,21
CHEMBL175644,NS(=O)(=O)NCC1CCc2ccccc2O1,4.15,inactive,1,0,19,23
CHEMBL175786,NS(=O)(=O)OCC1Oc2ccccc2O1,6.55,medium,1,0,21,23
CHEMBL176495,NNc1ccccc1S(N)(=O)=O,7.1,active,1,0,27,22
CHEMBL177623,NS(=O)(=O)NCC1Oc2ccccc2O1,4.15,inactive,1,0,17,23
CHEMBL1788205,NS(=O)(=O)c1cc2c(s1)S(=O)(=O)CC[C@H]2O,8.17,active,3,0,17,38
CHEMBL1789876,CCN[C@H]1CCS(=O)(=O)c2sc(S(N)(=O)=O)cc21,9.07,active,2,1,21,40
CHEMBL179559,NS(=O)(=O)c1ccc(NC(=S)NC(=O)c2ccc(Cl)cc2Cl)cc1,7.93,active,1,0,29,16
CHEMBL18,CCOc1ccc2nc(S(N)(=O)=O)sc2c1,8.96,active,4,1,11,27
CHEMBL1801471,O=C(NCCN1CCCCC1)P(=O)(O)O,5.07,inactive,1,0,21,9
CHEMBL1801472,O=C(NCCN1CCCC1)P(=O)(O)O,5.01,inactive,1,0,20,10
CHEMBL180475,NS(=O)(=O)OCC1CCc2ccccc2O1,6.89,medium,1,0,19,22
CHEMBL186335,NS(=O)(=O)c1nc2ccc([N+](=O)[O-])cc2s1,6.6,medium,1,0,11,26
CHEMBL186636,N/C(S)=N/Nc1ccc(S(N)(=O)=O)cc1,6.54,medium,1,0,27,19
CHEMBL19,CC(=O)/N=c1/sc(S(N)(=O)=O)nn1C,7.85,active,3,0,12,27
CHEMBL1991973,NS(=O)(=O)OCC1CC(n2ccc3c(NC4CCc5ccccc54)ncnc32)CC1O,7.92,active,1,0,20,22
CHEMBL20,CC(=O)Nc1nnc(S(N)(=O)=O)s1,7.1850000000000005,active,54,1,7,26
CHEMBL2019136,Nc1oc2ccccc2c(=O)c1-c1ccccc1,5.03,inactive,1,0,9,32
CHEMBL2019137,Nc1oc2ccc(Cl)cc2c(=O)c1-c1ccccc1,4.44,inactive,1,0,12,34
CHEMBL2019138,Nc1oc2cc(Cl)ccc2c(=O)c1-c1ccccc1,5.17,inactive,1,0,10,32
CHEMBL2019139,Nc1oc2ccccc2c(=O)c1-c1ccc(Cl)cc1,5.06,inactive,1,0,10,33
CHEMBL2019140,Nc1oc2ccc(Cl)cc2c(=O)c1-c1ccc(Cl)cc1,5.44,inactive,1,0,11,34
CHEMBL2019141,Nc1oc2cc(Cl)ccc2c(=O)c1-c1ccc(Cl)cc1,5.08,inactive,1,0,9,33
CHEMBL2019142,COc1ccc(-c2c(N)oc3ccccc3c2=O)cc1,5.19,inactive,1,0,15,34
CHEMBL2019143,COc1ccc(-c2c(N)oc3ccc(Cl)cc3c2=O)cc1,5.44,inactive,1,0,13,34
CHEMBL2019144,COc1ccc(-c2c(N)oc3cc(Cl)ccc3c2=O)cc1,5.09,inactive,1,0,12,33
CHEMBL2019145,COc1ccc(-c2c(N)oc3ccccc3c2=O)cc1OC,5.08,inactive,1,0,14,35
CHEMBL2019146,COc1ccc(-c2c(N)oc3ccc(Cl)cc3c2=O)cc1OC,5.12,inactive,1,0,13,35
CHEMBL2019147,COc1ccc(-c2c(N)oc3cc(Cl)ccc3c2=O)cc1OC,4.86,inactive,1,0,12,35
CHEMBL2019148,COc1ccc2c(=O)c(-c3ccccc3)c(N)oc2c1,5.1,inactive,1,0,11,32
CHEMBL2019149,COc1ccc2c(=O)c(-c3ccc(Cl)cc3)c(N)oc2c1,4.43,inactive,1,0,13,33
CHEMBL2019150,COc1ccc(-c2c(N)oc3cc(OC)ccc3c2=O)cc1,5.06,inactive,1,0,14,33
CHEMBL2019151,COc1ccc2c(=O)c(-c3ccc(OC)c(OC)c3)c(N)oc2c1,5.08,inactive,1,0,14,34
CHEMBL2019152,Nc1[nH]c2ccc(Cl)cc2c(=O)c1-c1ccccc1,5.04,inactive,1,0,11,35
CHEMBL2019153,Nc1[nH]c2cc(Cl)ccc2c(=O)c1-c1ccccc1,5.19,inactive,1,0,10,34
CHEMBL2019154,COc1ccc(-c2cc3cc(Cl)ccc3oc2=O)cc1,5.03,inactive,1,0,11,33
CHEMBL2092886,NS(=O)(=O)c1cc2c(s1)S(=O)(=O)CC[C@@H]2O,8.34,active,3,0,15,37
CHEMBL21,Nc1ccc(S(N)(=O)=O)cc1,5.62,inactive,3,1,24,19
CHEMBL2109976,CCN[C@@H]1CCS(=O)(=O)c2sc(S(N)(=O)=O)cc21,7.92,active,2,0,17,39
CHEMBL2170077,O=C(NCCNS(=O)(=O)c1ccc(Oc2ccccc2)cc1)P(=O)(O)O,6.09,medium,1,0,16,13
CHEMBL2170078,O=C(NCCCNS(=O)(=O)c1ccc(Oc2ccccc2)cc1)P(=O)(O)O,6.24,medium,1,0,20,12
CHEMBL2170079,O=C(NCCCCNS(=O)(=O)c1ccc(Oc2ccccc2)cc1)P(=O)(O)O,7.0,active,1,0,19,13
CHEMBL2170080,O=C(NCCCCCNS(=O)(=O)c1ccc(Oc2ccccc2)cc1)P(=O)(O)O,6.51,medium,1,0,17,13
CHEMBL2172744,O=C(NCCCCCCNS(=O)(=O)c1ccc(Oc2ccccc2)cc1)P(=O)(O)O,7.0,active,1,0,18,13
CHEMBL2172745,O=C(NCCNC(=O)P(=O)(O)O)c1ccc(Oc2ccccc2)cc1,6.21,medium,1,0,19,12
CHEMBL2172746,C[C@H](NC(=O)P(=O)(O)O)C1CCCCC1,5.03,inactive,1,0,16,11
CHEMBL2172747,C[C@@H](NC(=O)P(=O)(O)O)C1CCCCC1,5.05,inactive,1,0,17,11
CHEMBL2172748,O=C(NCCCCNC(=O)P(=O)(O)O)P(=O)(O)O,5.05,inactive,1,0,18,12
CHEMBL2172749,CCOP(=O)(OCC)C(=O)NCCCCNC(=O)P(=O)(OCC)OCC,5.02,inactive,1,0,19,11
CHEMBL2172750,N[C@H]1CCCC[C@@H]1NC(=O)P(=O)(O)O,5.08,inactive,1,0,18,10
CHEMBL2172751,N[C@@H]1CCCC[C@@H]1NC(=O)P(=O)(O)O,5.88,inactive,1,0,20,9
CHEMBL218382,COc1cc2c(cc1OS(N)(=O)=O)CC[C@@H]1[C@@H]2CC[C@]2(C)[C@@H](OS(N)(=O)=O)CC[C@@H]12,6.42,medium,1,0,26,8
CHEMBL218490,CCN[C@H]1C[C@H](C)S(=O)(=O)c2sc(S(N)(=O)=O)cc21,8.555,active,6,1,16,39
CHEMBL220491,CCN[C@H]1CN(CCCOC)S(=O)(=O)c2sc(S(N)(=O)=O)cc21,7.92,active,2,1,19,41
CHEMBL220492,CC1(C)O[C@@H]2[C@@H](CO[C@@]3(COS(N)(=O)=O)OC(C)(C)O[C@@H]23)O1,6.3,medium,3,1,18,19
CHEMBL2298033,NS(=O)(=O)c1ccc(NC(=S)NC(=O)c2ccc(Cl)cc2)cc1,7.89,active,1,0,28,15
CHEMBL2298035,NS(=O)(=O)c1ccc(NC(=S)NC(=O)c2ccc([N+](=O)[O-])cc2)cc1,6.12,medium,1,0,27,14
CHEMBL2333416,NS(=O)(=O)c1c(F)c(F)c(SCCO)c(F)c1F,8.0,active,1,0,27,28
CHEMBL2336901,COc1cccc(-c2nnc(Nc3cccc(S(N)(=O)=O)c3)c3ccccc23)c1,7.21,active,1,0,26,16
CHEMBL2336902,Nc1ccc(Nc2nnc(-c3cccc(S(N)(=O)=O)c3)c3ccccc23)cc1,6.83,medium,1,0,25,15
CHEMBL2336904,NS(=O)(=O)c1ccc(Nc2nnc(-c3cccc(S(N)(=O)=O)c3)c3ccccc23)cc1,6.34,medium,1,0,25,17
CHEMBL2336905,Cc1ccc(-c2nnc(Nc3ccc(S(N)(=O)=O)cc3)c3ccccc23)cc1S(N)(=O)=O,6.26,medium,1,0,24,17
CHEMBL2336906,Cc1cc(-c2nnc(Nc3ccc(S(N)(=O)=O)cc3)c3ccccc23)ccc1S(N)(=O)=O,7.57,active,1,0,26,17
CHEMBL2376666,NC(=O)c1c(Nc2ccc(I)cc2F)cc(F)cc1Oc1cccc(NS(N)(=O)=O)c1,6.28,medium,1,0,12,46
CHEMBL2376667,NC(=O)c1c(Nc2ccc(I)cc2F)cc(F)cc1Oc1cccc(CS(N)(=O)=O)c1,5.89,inactive,1,0,14,46
CHEMBL23838,CCOP(=O)(OCC)Oc1ccc([N+](=O)[O-])cc1,7.23,active,1,0,23,15
CHEMBL2392423,NS(=O)(=O)c1ccc(NC(=S)NC(=O)c2ccccc2)cc1,7.21,active,1,0,28,16
CHEMBL2392424,NS(=O)(=O)c1ccc(-n2cccc2/C=C2/C(=O)NN(c3ccc(F)cc3)C2=O)cc1,7.38,active,1,0,24,16
CHEMBL2392425,NS(=O)(=O)c1ccc(/N=C2/NC(=O)/C(=C/c3cc(O)ccc3Br)S2)cc1,8.03,active,1,0,12,25
CHEMBL2392426,Cc1ccc(N2NC(=O)/C(=C/c3cccn3-c3ccc(S(N)(=O)=O)cc3)C2=O)cc1,7.57,active,1,0,22,17
CHEMBL2392427,NS(=O)(=O)c1ccc(CCNCc2cccc3ccccc23)cc1,6.82,medium,1,0,23,22
CHEMBL2392428,CC1=NN(c2ccc(S(N)(=O)=O)cc2)C(=O)/C1=C\C=C\c1ccccc1,7.48,active,1,0,23,17
CHEMBL2392429,NS(=O)(=O)c1ccc(NC(=O)c2cccc(N3C(=O)CCC3=O)c2)cc1,7.47,active,1,0,27,15
CHEMBL2392430,NS(=O)(=O)c1cccc(NS(=O)(=O)c2ccc3c4c(cccc24)C(=O)N3)c1,5.41,inactive,1,0,27,13
CHEMBL2392431,COc1ccc(Cl)cc1CNCCc1ccc(S(N)(=O)=O)cc1,6.17,medium,1,0,25,21
CHEMBL2392432,NS(=O)(=O)c1ccc(CNC2CC(=O)N(c3cccc(Br)c3)C2=O)cc1,7.32,active,1,0,25,20
CHEMBL2392433,COc1ccc(CNc2ccc(S(N)(=O)=O)cc2)cc1OC,7.9,active,1,0,26,20
CHEMBL2392434,CC1=NN(c2cccc(S(N)(=O)=O)c2)C(=O)C1,6.09,medium,1,0,25,16
CHEMBL2408073,Cc1ccc2oc(=O)c(/C=N/c3ccc(S(=O)(=O)Nc4nccc(C)n4)cc3)c(Cl)c2c1,7.21,active,1,0,35,23
CHEMBL2408074,NS(=O)(=O)c1ccc(/N=C/c2c(Cl)c3ccccc3oc2=O)cc1,7.48,active,1,0,37,22
CHEMBL2408075,O=c1oc2ccccc2c(Cl)c1/C=N/c1ccc(S(=O)(=O)Nc2nccs2)cc1,7.24,active,1,0,36,20
CHEMBL2408076,N=C(N)NS(=O)(=O)c1ccc(/N=C/c2c(Cl)c3ccccc3oc2=O)cc1,7.07,active,1,0,36,23
CHEMBL2408077,Cc1cc(C)nc(NS(=O)(=O)c2ccc(/N=C/c3c(Cl)c4ccccc4oc3=O)cc2)n1,7.64,active,1,0,36,19
CHEMBL2408078,Cc1cc(NS(=O)(=O)c2ccc(/N=C/c3c(Cl)c4ccccc4oc3=O)cc2)no1,7.58,active,1,0,36,22
CHEMBL2408079,Cc1ccnc(NS(=O)(=O)c2ccc(/N=C/c3c(Cl)c4ccccc4oc3=O)cc2)n1,7.29,active,1,0,36,21
CHEMBL2408080,CC(C)(C)c1cc(C(C)(C)C)c2oc(=O)c(/C=N/c3ccc(S(N)(=O)=O)cc3)c(Cl)c2c1,6.95,medium,1,0,38,22
CHEMBL2408081,CC(C)(C)c1cc(C(C)(C)C)c2oc(=O)c(/C=N/c3ccc(S(=O)(=O)Nc4nccs4)cc3)c(Cl)c2c1,6.91,medium,1,0,35,25
CHEMBL2408082,CC(C)(C)c1cc(C(C)(C)C)c2oc(=O)c(/C=N/c3ccc(S(=O)(=O)NC(=N)N)cc3)c(Cl)c2c1,6.99,medium,1,0,38,21
CHEMBL2408083,Cc1cc(C)nc(NS(=O)(=O)c2ccc(/N=C/c3c(Cl)c4cc(C(C)(C)C)cc(C(C)(C)C)c4oc3=O)cc2)n1,6.76,medium,1,0,37,23
CHEMBL2408084,Cc1cc(NS(=O)(=O)c2ccc(/N=C/c3c(Cl)c4cc(C(C)(C)C)cc(C(C)(C)C)c4oc3=O)cc2)no1,6.76,medium,1,0,37,24
CHEMBL2408085,Cc1ccnc(NS(=O)(=O)c2ccc(/N=C/c3c(Cl)c4cc(C(C)(C)C)cc(C(C)(C)C)c4oc3=O)cc2)n1,7.2,active,1,0,36,25
CHEMBL2408086,Cc1ccc2oc(=O)c(/C=N/c3ccc(S(N)(=O)=O)cc3)c(Cl)c2c1,7.06,active,1,0,37,21
CHEMBL2408087,Cc1ccc2oc(=O)c(/C=N/c3ccc(S(=O)(=O)Nc4nccs4)cc3)c(Cl)c2c1,6.92,medium,1,0,35,24
CHEMBL2408088,Cc1ccc2oc(=O)c(/C=N/c3ccc(S(=O)(=O)NC(=N)N)cc3)c(Cl)c2c1,7.0,active,1,0,36,24
CHEMBL2408089,Cc1ccc2oc(=O)c(/C=N/c3ccc(S(=O)(=O)Nc4nc(C)cc(C)n4)cc3)c(Cl)c2c1,6.85,medium,1,0,37,19
CHEMBL2408090,Cc1ccc2oc(=O)c(/C=N/c3ccc(S(=O)(=O)Nc4cc(C)on4)cc3)c(Cl)c2c1,6.66,medium,1,0,37,20
CHEMBL24231,O=[N+]([O-])c1ccc(OP(=O)(O)O)cc1,7.2,active,1,0,24,13
CHEMBL2440429,O=P(O)(O)C(Nc1cccc2ccccc12)P(=O)(O)O,5.04,inactive,1,0,20,14
CHEMBL2440431,O=P(O)(O)C(Nc1ccc(Oc2ccc(Cl)cc2)cc1)P(=O)(O)O,5.03,inactive,1,0,21,12
CHEMBL2440432,O=P(O)(O)C(Nc1ccc(Oc2ccc(Br)cc2)cc1)P(=O)(O)O,5.13,inactive,1,0,21,13
CHEMBL2440438,O=P(O)(O)C(Nc1ccc(O)cc1)P(=O)(O)O,5.09,inactive,1,0,20,13
CHEMBL24447,O=C(NCCc1ccccc1)P(=O)(O)O,5.1,inactive,1,0,20,11
CHEMBL26,CCN1CCCC1CNC(=O)c1cc(S(N)(=O)=O)ccc1OC,7.4,active,1,0,30,23
CHEMBL262726,COc1ccc(S(=O)(=O)c2csc(S(N)(=O)=O)c2)cc1,7.35,active,1,0,14,20
CHEMBL265674,Nc1nnc(S(N)(=O)=O)s1,5.5,inactive,3,0,13,28
CHEMBL266240,Nc1cc(Cl)c(S(N)(=O)=O)cc1S(N)(=O)=O,7.02,active,1,0,29,22
CHEMBL268177,Nc1ccc(S(N)(=O)=O)cc1I,5.76,inactive,1,0,26,21
CHEMBL276679,CCN[C@@H]1C[C@H](C)S(=O)(=O)c2sc(S(N)(=O)=O)cc21,7.53,active,1,0,18,40
CHEMBL282157,NS(=O)(=O)c1ccc([N+](=O)[O-])cc1,6.4,medium,1,0,23,16
CHEMBL286738,NS(=O)(=O)Oc1ccc2c3c(c(=O)oc2c1)CCCCC3,7.77,active,1,0,14,25
CHEMBL287486,Cc1ccc(S(=O)(=O)NCC(=O)O)cc1,5.44,inactive,1,0,18,14
CHEMBL287738,CC(=O)c1csc(S(N)(=O)=O)c1,7.8,active,1,0,9,20
CHEMBL288606,CCCC/C(=N\O)c1csc(S(N)(=O)=O)c1,7.82,active,1,0,10,18
CHEMBL289952,CCCCC(O[Si](C)(C)C(C)(C)C)c1csc(S(N)(=O)=O)c1,6.7,medium,1,0,10,16
CHEMBL297821,CCCCC(=O)c1csc(S(N)(=O)=O)c1,8.2,active,1,0,8,21
CHEMBL302780,CCCCCCCCS(=O)(=O)C(F)S(N)(=O)=O,8.52,active,1,0,22,23
CHEMBL304131,CCCCCCCCS(=O)(=O)C(Cl)S(N)(=O)=O,7.92,active,1,0,22,25
CHEMBL304744,NS(=O)(=O)CS(=O)(=O)CCCc1ccccc1,6.72,medium,1,0,24,25
CHEMBL3092995,NS(=O)(=O)NC[C@H]1COc2cc(Cl)ccc2O1,4.88,inactive,2,0,18,24
CHEMBL3092997,NS(=O)(=O)NC[C@H]1COc2ccccc2O1,4.01,inactive,1,0,20,23
CHEMBL3092998,NS(=O)(=O)NC[C@@H]1COc2ccccc2O1,4.11,inactive,1,0,17,22
CHEMBL3092999,CN(CC1COc2ccccc2O1)S(N)(=O)=O,4.07,inactive,1,0,16,21
CHEMBL3093001,NS(=O)(=O)NCCC1COc2ccccc2O1,4.6,inactive,1,0,21,25
CHEMBL3093003,NS(=O)(=O)NC[C@H]1COc2ccc(Cl)cc2O1,4.44,inactive,1,0,19,25
CHEMBL3093004,NS(=O)(=O)NC[C@H]1COc2cccc(Cl)c2O1,4.25,inactive,1,0,18,23
CHEMBL3093005,NS(=O)(=O)NC[C@H]1COc2c(F)cccc2O1,4.16,inactive,1,0,18,22
CHEMBL3093006,NS(=O)(=O)NC[C@H]1COc2cc(F)ccc2O1,4.12,inactive,1,0,19,24
CHEMBL3093007,NS(=O)(=O)NC[C@H]1COc2cc(Br)ccc2O1,4.44,inactive,1,0,20,24
CHEMBL3093009,NS(=O)(=O)NC[C@H]1COc2cc(Cl)c(Cl)cc2O1,4.52,inactive,1,0,20,25
CHEMBL3093010,Cc1ccc2c(c1)O[C@@H](CNS(N)(=O)=O)CO2,4.54,inactive,1,0,21,24
CHEMBL3093012,NS(=O)(=O)NCC1COc2ccccc2OC1,4.77,inactive,1,0,16,22
CHEMBL309608,COCCOC(C)(C)C(=O)Oc1ccc2nc(S(N)(=O)=O)sc2c1,8.85,active,1,0,8,29
CHEMBL309870,COCCN(CCOC)CCC1CNc2cc(S(N)(=O)=O)sc2S1(=O)=O,8.67,active,1,0,19,35
CHEMBL3098847,NS(=O)(=O)Oc1ccc2c(c1)OC(=O)C1CCCCCC21,7.66,active,1,0,14,24
CHEMBL309950,COCCOCCN(CCOC)C(=O)CC1C(=O)Nc2cc(S(N)(=O)=O)sc2S1(=O)=O,8.66,active,1,0,20,35
CHEMBL310152,NS(=O)(=O)c1cc2c(s1)SCC(=O)N2,7.89,active,1,0,18,35
CHEMBL310280,NS(=O)(=O)c1cc2c(s1)S(=O)(=O)C(CCO)CN2,8.72,active,1,0,17,34
CHEMBL310291,CC(C)(C)OC(=O)Oc1ccc2nc(S(N)(=O)=O)sc2c1,8.0,active,1,0,10,30
CHEMBL310848,CCOP(=O)(OCC)Oc1ccc2nc(S(N)(=O)=O)sc2c1,8.74,active,1,0,10,27
CHEMBL310903,NS(=O)(=O)c1cc2c(s1)S(=O)(=O)CCN2,8.61,active,1,0,22,39
CHEMBL311089,NS(=O)(=O)c1nc2ccc(OC(=O)CC3CCCC3)cc2s1,8.22,active,1,0,9,24
CHEMBL311263,COCCOCCN(CCOC)CCC1CNc2cc(S(N)(=O)=O)sc2S1(=O)=O,8.84,active,1,0,21,36
CHEMBL311440,NS(=O)(=O)c1nc2ccc(OC(=O)Cc3ccc(Cl)cc3)cc2s1,8.0,active,1,0,10,26
CHEMBL311548,CCCCOS(=O)(=O)c1ccc2nc(S(N)(=O)=O)sc2c1,8.74,active,1,0,10,24
CHEMBL311810,CCOCCOCCOC(C)(C)C(=O)Oc1ccc2nc(S(N)(=O)=O)sc2c1,8.49,active,1,0,9,30
CHEMBL311904,CN(C)C(=O)Oc1ccc2nc(S(N)(=O)=O)sc2c1,8.8,active,1,0,11,29
CHEMBL312593,CC(C)(C)C(=O)Oc1ccc2nc(S(N)(=O)=O)sc2c1,7.9,active,2,0,10,31
CHEMBL312635,CCCC(=O)Oc1ccc2nc(S(N)(=O)=O)sc2c1,8.49,active,1,0,9,27
CHEMBL312813,NS(=O)(=O)c1nc2ccc(OC(=O)C3CCCCC3)cc2s1,8.22,active,1,0,9,25
CHEMBL313026,CN(C)Cc1ccc2sc(S(N)(=O)=O)cc2c1,7.92,active,1,0,20,31
CHEMBL313338,NS(=O)(=O)c1cc2ccccc2s1,8.28,active,1,0,17,31
CHEMBL314569,NS(=O)(=O)c1cc2c(s1)S(=O)(=O)CCC2O,8.28,active,3,0,19,38
CHEMBL314803,NS(=O)(=O)c1cc2ccc(O)cc2s1,8.030000000000001,active,2,0,17,30
CHEMBL315221,NS(=O)(=O)c1cc2cccc(O)c2s1,7.96,active,1,0,16,33
CHEMBL315921,COc1cccc2sc(S(N)(=O)=O)cc12,7.92,active,1,0,17,33
CHEMBL316582,NS(=O)(=O)c1ccc(CCCCO)cc1,7.82,active,1,0,25,23
CHEMBL316757,NS(=O)(=O)c1cc2cc(CNCCCCO)sc2o1,7.96,active,1,0,22,31
CHEMBL316814,NS(=O)(=O)c1ccc(S(=O)(=O)CCCO)c(C(=O)O)c1,6.05,medium,1,0,29,25
CHEMBL316997,O=C(NC1CCCC1)P(=O)(O)O,5.13,inactive,1,0,19,9
CHEMBL317694,COCCNCc1cc2cc(S(N)(=O)=O)oc2s1,7.96,active,1,0,21,32
CHEMBL3183703,CC(C)(O)c1coc(S(=O)(=O)NC(=O)Nc2c3c(cc4c2CCC4)CCC3)c1,4.96,inactive,1,0,15,23
CHEMBL318664,CCC(CC)NC(=O)P(=O)(O)O,5.06,inactive,1,0,16,12
CHEMBL318951,NS(=O)(=O)c1ccc(SCCO)s1,7.52,active,1,0,25,28
CHEMBL319238,CC(C)(O)CCS(=O)(=O)c1ccc(S(N)(=O)=O)cc1,7.6,active,1,0,25,25
CHEMBL319239,NS(=O)(=O)c1ccc(SCCCCCO)cc1,8.37,active,1,0,25,27
CHEMBL319397,NS(=O)(=O)c1ccc(S(=O)(=O)CCCCO)c(F)c1,8.4,active,1,0,28,25
CHEMBL319437,COC(=O)c1cc(S(N)(=O)=O)ccc1SCCCO,6.16,medium,1,0,29,26
CHEMBL320808,COCC(=O)OCCCS(=O)(=O)c1ccc(S(N)(=O)=O)s1,8.35,active,1,0,27,30
CHEMBL321553,COC(=O)c1cc(S(N)(=O)=O)ccc1S(=O)(=O)CCCO,7.7,active,1,0,30,26
CHEMBL321889,CC(C)(O)CCSc1ccc(S(N)(=O)=O)cc1,7.7,active,1,0,24,27
CHEMBL322014,CCCNCc1cc2cc(S(N)(=O)=O)oc2s1,8.1,active,1,0,23,31
CHEMBL322223,NS(=O)(=O)c1ccc(SCCCO)c(F)c1,8.46,active,1,0,29,29
CHEMBL3237492,NS(=O)(=O)c1cccc(NC(=S)NC(=O)c2ccccc2Cl)c1,6.56,medium,1,0,31,17
CHEMBL3237494,NS(=O)(=O)c1cccc(NC(=S)NC(=O)c2ccc(Cl)cc2)c1,6.62,medium,1,0,30,14
CHEMBL3237495,NS(=O)(=O)c1cccc(NC(=S)NC(=O)c2ccc(Cl)cc2Cl)c1,6.02,medium,1,0,30,15
CHEMBL32749,COc1cc(/C=C/C(=O)O)ccc1O,5.19,inactive,1,0,33,29
CHEMBL3290054,N#CC1=CCc2ccccc2C=C1,5.36,inactive,1,0,17,24
CHEMBL3290055,N#CC1=Cc2ccccc2CC=C1,5.39,inactive,1,0,16,23
CHEMBL3290056,N#Cc1ccc(=O)c2ccccc2c1,5.42,inactive,1,0,20,27
CHEMBL3290057,N#Cc1cccc2ccccc2c1=O,5.44,inactive,1,0,19,26
CHEMBL3290058,N#Cc1cc2ccccc2ccc1=O,5.49,inactive,1,0,18,25
CHEMBL3290059,N#Cc1ccc2ccccc2c(=O)c1,5.43,inactive,1,0,16,24
CHEMBL3290513,NS(=O)(=O)c1ccc(NC(=S)NC(=O)c2ccccc2Cl)cc1,7.64,active,1,0,29,14
CHEMBL3291001,O=P(O)(O)C(NS(=O)(=O)c1ccc(Cl)cc1)P(=O)(O)O,5.21,inactive,1,0,22,13
CHEMBL3291007,O=[N+]([O-])c1ccc(S(=O)(=O)NC(P(=O)(O)O)P(=O)(O)O)cc1,5.74,inactive,1,0,22,15
CHEMBL3291008,O=[N+]([O-])c1cccc(S(=O)(=O)NC(P(=O)(O)O)P(=O)(O)O)c1,5.42,inactive,1,0,23,14
CHEMBL3291009,O=P(O)(O)C(NS(=O)(=O)c1ccc(-c2ccccc2)cc1)P(=O)(O)O,5.85,inactive,1,0,21,14
CHEMBL3291010,O=P(O)(O)C(NS(=O)(=O)c1ccc(-c2cccs2)cc1)P(=O)(O)O,6.3,medium,1,0,22,14
CHEMBL3291011,O=P(O)(O)C(NS(=O)(=O)c1ccc(-c2ccc(Cl)cc2)cc1)P(=O)(O)O,5.58,inactive,1,0,21,15
CHEMBL3291012,COc1ccc(-c2ccc(S(=O)(=O)NC(P(=O)(O)O)P(=O)(O)O)cc2)cc1,7.16,active,1,0,23,13
CHEMBL3291013,O=[N+]([O-])c1ccc(-c2ccc(S(=O)(=O)NC(P(=O)(O)O)P(=O)(O)O)cc2)cc1,7.15,active,1,0,21,16
CHEMBL329784,O=C(NC1CCCCC1)P(=O)(O)O,5.05,inactive,1,0,17,10
CHEMBL3310984,CCCC(C)NS(=O)(=O)c1ccc(C)cc1,5.09,inactive,1,0,20,15
CHEMBL331715,O=C(NO)C(F)(F)F,5.42,inactive,1,0,18,11
CHEMBL333193,NS(=O)(=O)c1cc2c(s1)S(=O)(=O)CCC2,8.35,active,1,0,21,39
CHEMBL333281,NS(=O)(=O)c1cc2cc(N3CCSCC3)sc2s1,8.59,active,1,0,27,36
CHEMBL333520,NS(=O)(=O)c1cc2cc(N3CCOCC3)sc2s1,8.52,active,1,0,27,35
CHEMBL333588,Cc1ccc(S(=O)(=O)c2csc(S(N)(=O)=O)c2)cc1,8.49,active,1,0,13,20
CHEMBL333747,NS(=O)(=O)c1cc(S(=O)(=O)c2ccc(O)cc2)co1,8.38,active,1,0,15,22
CHEMBL3402244,Cc1ccc(S(=O)(=O)NC(=O)C2C(C(=O)OCc3ccccc3)[C@@H]3C=C[C@H]2CC3)cc1,6.92,medium,1,0,16,15
CHEMBL3402245,Cc1ccc(S(=O)(=O)NC(=O)C2[C@H]3C=C[C@H](C3)[C@H]2C(=O)OCc2ccccc2)cc1,6.96,medium,1,0,17,16
CHEMBL3402246,Cc1ccc(S(=O)(=O)NC(=O)C2CC=CCC2C(=O)OCc2ccccc2)cc1,6.96,medium,1,0,16,16
CHEMBL3402247,CC1=CCC(C(=O)OCc2ccccc2)C(C(=O)NS(=O)(=O)c2ccc(C)cc2)C1,6.88,medium,1,0,17,14
CHEMBL3402248,Cc1ccc(S(=O)(=O)NC(=O)C2[C@H](C(=O)OCc3ccccc3)[C@@]3(Cl)C(Cl)=C(Cl)[C@@]2(Cl)C3(Cl)Cl)cc1,7.15,active,1,0,17,15
CHEMBL3402249,Cc1ccc(S(=O)(=O)NC(=O)C2C(C(=O)O)[C@H]3CC[C@@H]2[C@H](O)[C@@H]3O)cc1,6.9,medium,1,0,18,16
CHEMBL3402250,Cc1ccc(S(=O)(=O)NC(=O)[C@H]2[C@@H]3C[C@@H]([C@@H](O)[C@H]3O)[C@H]2C(=O)O)cc1,6.96,medium,1,0,19,17
CHEMBL3402251,Cc1ccc(S(=O)(=O)NC(=O)C2CC(O)C(O)CC2C(=O)O)cc1,6.81,medium,1,0,18,17
CHEMBL3402252,Cc1ccc(S(=O)(=O)NC(=O)C2CC(C)(O)C(O)CC2C(=O)O)cc1,6.84,medium,1,0,17,17
CHEMBL3402253,Cc1ccc(S(=O)(=O)NC(=O)[C@@H]2[C@H](C(=O)O)[C@]3(Cl)C(Cl)(Cl)[C@]2(Cl)[C@@](O)(Cl)[C@]3(O)Cl)cc1,6.92,medium,1,0,18,15
CHEMBL340519,COc1ccc(C(=O)c2coc(S(N)(=O)=O)c2)cc1,8.7,active,1,0,13,24
CHEMBL341037,Cc1ccc(C(=O)c2csc(S(N)(=O)=O)c2)cc1,8.7,active,1,0,9,21
CHEMBL341530,NS(=O)(=O)c1cc(S(=O)(=O)c2ccc(O)cc2)cs1,8.3,active,1,0,15,21
CHEMBL3415379,CCN[C@H]1C[C@H](CCCO[N+](=O)[O-])S(=O)(=O)c2sc(S(N)(=O)=O)cc21,7.51,active,1,0,16,40
CHEMBL3415380,CCN[C@H]1C[C@H](CCO[N+](=O)[O-])S(=O)(=O)c2sc(S(N)(=O)=O)cc21,7.33,active,1,0,15,39
CHEMBL3415381,CCN[C@H]1C[C@H](CO[N+](=O)[O-])S(=O)(=O)c2sc(S(N)(=O)=O)cc21,6.81,medium,1,0,17,40
CHEMBL3415382,CCN[C@H]1C[C@H](CCCO)S(=O)(=O)c2sc(S(N)(=O)=O)cc21,7.09,active,1,0,21,41
CHEMBL3415383,CCN[C@H]1CN(CCCO[N+](=O)[O-])S(=O)(=O)c2sc(S(N)(=O)=O)cc21,7.51,active,1,0,18,41
CHEMBL3415384,CCN[C@H]1CN(CCCO)S(=O)(=O)c2sc(S(N)(=O)=O)cc21,6.78,medium,1,0,20,41
CHEMBL346810,NS(=O)(=O)c1cc2c(s1)S(=O)(=O)CCC2=O,8.3,active,1,0,19,37
CHEMBL347369,NS(=O)(=O)c1cc2c(s1)C(O)CCS2(=O)=O,7.4,active,1,0,16,37
CHEMBL348573,NS(=O)(=O)c1cc2c(s1)S(=O)(=O)CC(O)C2,8.0,active,1,0,15,36
CHEMBL349815,NS(=O)(=O)c1cc2cc(O)ccc2o1,8.19,active,1,0,17,27
CHEMBL350086,NS(=O)(=O)c1cc2ccc(O)cc2[nH]1,7.52,active,1,0,22,30
CHEMBL352218,NS(=O)(=O)c1cc2c(s1)C(O)CCS2,7.64,active,1,0,17,36
CHEMBL352281,CC(C)(C)C(=O)Oc1ccc2oc(S(N)(=O)=O)cc2c1,8.52,active,1,0,15,26
CHEMBL353861,NS(=O)(=O)c1cc2c(s1)S(=O)(=O)N(c1cccc(O)c1)C(CN1CCOCC1)=C2,8.94,active,1,0,26,32
CHEMBL354062,CC(=O)Oc1ccc2[nH]c(S(N)(=O)=O)cc2c1,7.96,active,1,0,20,29
CHEMBL354238,NS(=O)(=O)c1cc2cc(O)ccc2[nH]1,7.66,active,1,0,19,28
CHEMBL354386,NS(=O)(=O)c1cc2ccc(O)cc2o1,7.96,active,1,0,18,27
CHEMBL355157,Nc1ccc2cc(S(N)(=O)=O)oc2c1,7.6,active,1,0,16,28
CHEMBL3604466,C[C@H](CO)Nc1nc(Nc2ccc([S+](N)[O-])cc2)ncc1Br,6.29,medium,1,0,27,18
CHEMBL3604467,C[C@@H](O)[C@@H](C)Nc1nc(Nc2ccc([S+](N)[O-])cc2)ncc1Br,6.39,medium,1,0,25,18
CHEMBL362436,O=[N+]([O-])c1ccc(S(=O)(=O)Nc2ccccc2)cc1,5.13,inactive,1,0,22,16
CHEMBL363086,N#CSc1ccc(S(N)(=O)=O)cc1,5.44,inactive,1,0,24,22
CHEMBL3633553,Nc1c(C(=O)N/N=C2\C(=O)Nc3ccc([N+](=O)[O-])cc32)cnn1-c1ccc(S(N)(=O)=O)cc1,7.64,active,1,0,25,14
CHEMBL367035,NS(=O)(=O)c1cccc([N+](=O)[O-])c1,6.39,medium,1,0,24,15
CHEMBL372231,COc1cc2c(cc1OS(N)(=O)=O)CC[C@@H]1[C@@H]2CC[C@]2(C)C(=O)CC[C@@H]12,6.42,medium,1,0,25,8
CHEMBL3746031,NC(=O)c1c(Oc2cccc(CS(N)(=O)=O)c2)cc(F)c(F)c1Nc1ccc(I)cc1F,5.66,inactive,1,0,14,47
CHEMBL3746142,NC(=O)c1c(Nc2ccc(I)cc2F)cc(F)cc1Oc1ccccc1NS(N)(=O)=O,6.3,medium,1,0,12,47
CHEMBL3746516,NC(=O)c1c(Nc2ccc(I)cc2F)cc(F)cc1Oc1ccc(F)c(NS(N)(=O)=O)c1F,5.0,inactive,1,0,13,47
CHEMBL3746559,NC(=O)c1c(Oc2ccc(F)c(NS(N)(=O)=O)c2)cc(F)c(F)c1Nc1ccc(I)cc1F,5.34,inactive,1,0,15,47
CHEMBL3746640,NC(=O)c1c(Oc2cccc(CNS(N)(=O)=O)c2)cc(F)c(F)c1Nc1ccc(I)cc1F,5.3,inactive,1,0,13,46
CHEMBL3746923,NC(=O)c1c(Nc2ccc(I)cc2F)cc(F)cc1Oc1cccc(CNS(N)(=O)=O)c1,5.55,inactive,1,0,13,45
CHEMBL374721,COc1cc2c(cc1O)CC[C@@H]1[C@@H]2CC[C@]2(C)[C@@H](OS(N)(=O)=O)CC[C@@H]12,6.28,medium,1,0,29,11
CHEMBL3747256,Cc1c(NS(N)(=O)=O)cccc1Oc1cc(F)cc(Nc2ccc(I)cc2F)c1C(N)=O,6.16,medium,1,0,11,46
CHEMBL3747359,NC(=O)c1c(Nc2ccc(I)cc2F)cc(F)cc1Oc1cccc(NS(N)(=O)=O)c1Cl,6.16,medium,1,0,11,47
CHEMBL3747368,NC(=O)c1c(Nc2ccc(I)cc2F)cc(F)cc1Oc1ccc(F)c(NS(N)(=O)=O)c1,5.42,inactive,1,0,12,45
CHEMBL3785207,CN(C)C(=O)N[C@H]1CCc2ccc(O)cc2C1,7.22,active,1,0,13,16
CHEMBL3785269,COc1cccc2c1CCC(NS(=O)(=O)N(C)C)C2,7.15,active,1,0,15,15
CHEMBL3785391,CN(C)C(=O)NC1CCc2cc(O)ccc2C1,7.28,active,1,0,14,15
CHEMBL3786442,CN(C)S(=O)(=O)N[C@H]1CCc2cc(O)ccc2C1,7.89,active,1,0,15,14
CHEMBL3786448,COc1ccc2c(c1)CC(NS(=O)(=O)N(C)C)CC2,8.06,active,1,0,14,14
CHEMBL3786516,COc1ccc2c(c1)CCC(NC(=O)N(C)C)C2,7.93,active,1,0,14,16
CHEMBL3786651,COc1cccc2c1CC[C@H](NC(=O)N(C)C)C2,7.76,active,1,0,14,17
CHEMBL3786719,CN(C)S(=O)(=O)NC1CCc2ccc(O)cc2C1,7.96,active,1,0,13,15
CHEMBL3786873,CN(C)S(=O)(=O)NC1CCc2c(O)cccc2C1,7.81,active,1,0,15,13
CHEMBL3786937,CN(C)C(=O)N[C@H]1CCc2c(O)cccc2C1,7.13,active,1,0,15,17
CHEMBL3787223,COc1ccc2c(c1)CCC(NS(=O)(=O)N(C)C)C2,8.08,active,1,0,15,16
CHEMBL3787502,COc1ccc2c(c1)C[C@@H](NC(=O)N(C)C)CC2,8.03,active,1,0,12,15
CHEMBL402794,CCCC[C@@H](CC)COC(=O)c1ccccc1C(=O)OC[C@@H](CC)CCCC,4.17,inactive,1,0,28,23
CHEMBL4059816,C[C@]12CC[C@@H]3c4ccc(O)cc4CC[C@H]3[C@@H]1CC[C@@H]2OC(=O)[C@@H]1CCCN1C(=O)Cc1ccc(S(N)(=O)=O)cc1,6.3,medium,1,0,28,7
CHEMBL4061017,CC1CCN(NC(=S)SCC(=O)NCc2ccc3c(c2)OCO3)CC1,8.73,active,1,0,40,11
CHEMBL4062231,CN1CCN(NC(=S)SCC(=O)NCc2ccc3c(c2)OCO3)CC1,9.21,active,1,0,42,12
CHEMBL4062557,C[C@]12CC[C@@H]3c4ccc(O)cc4CC[C@H]3[C@@H]1CC[C@@H]2OC(=O)[C@@H]1CCCN1S(N)(=O)=O,5.0,inactive,1,0,30,10
CHEMBL4063719,COc1ccc(/C=C/C(=O)N[C@@H]2[C@@H](O)[C@H](O)[C@@H](CO)O[C@H]2NC(=S)Nc2ccc(S(N)(=O)=O)cc2)cc1,7.19,active,1,0,36,18
CHEMBL4064130,O=C(CSc1nnc(Nc2ccccc2)s1)N/N=C/c1ccc(-c2cccc(Cl)c2)o1,9.28,active,1,0,33,35
CHEMBL4064401,C[C@H](NC(=O)c1ccc(S(N)(=O)=O)cc1)C(=O)O[C@H]1CC[C@H]2[C@@H]3CCc4cc(O)ccc4[C@H]3CC[C@]12C,6.6,medium,1,0,27,8
CHEMBL4067116,C[C@]12CC[C@@H]3c4ccc(O)cc4CC[C@H]3[C@@H]1CC[C@@H]2OC(=O)[C@H](Cc1ccccc1)NC(=O)c1ccc(S(N)(=O)=O)cc1,7.0,active,1,0,27,7
CHEMBL4067954,Cc1nc(N(C)C(=O)Cc2ccc(-c3cc(F)ccc3F)cc2)sc1S(N)(=O)=O,5.77,inactive,1,0,14,32
CHEMBL4068479,C[C@]12CC[C@@H]3c4ccc(O)cc4CC[C@H]3[C@@H]1CC[C@@H]2OC(=O)[C@@H]1CCCN1c1ccc(S(N)(=O)=O)cc1,6.7,medium,1,0,28,8
CHEMBL4069396,O=C(CSC(=S)NN1CCN(c2ncccn2)CC1)NCc1ccc2c(c1)OCO2,9.07,active,1,0,42,11
CHEMBL4069597,Cc1nc(N(C)C(=O)Cc2ccc(-c3ccccn3)cc2)sc1S(N)(=O)=O,5.7,inactive,1,0,14,31
CHEMBL4070358,COc1cc(OC)c(OC)cc1/C=C/C(=O)N[C@@H]1[C@@H](O)[C@H](O)[C@@H](CO)O[C@H]1NC(=S)Nc1ccc(S(N)(=O)=O)cc1,7.2,active,1,0,37,18
CHEMBL4071193,C[C@]12CC[C@@H]3c4ccc(O)cc4CC[C@H]3[C@@H]1CC[C@@H]2OC(=O)[C@@H]1CCCN1C(=O)c1ccc(S(N)(=O)=O)nc1,6.6,medium,1,0,31,8
CHEMBL4072105,CCN1CCN(NC(=S)SCC(=O)NCc2ccc3c(c2)OCO3)CC1,9.1,active,1,0,40,12
CHEMBL4072122,O=C(CSc1nnc(Nc2ccccc2)s1)N/N=C/c1ccc(-c2cccc([N+](=O)[O-])c2)o1,9.33,active,1,0,31,35
CHEMBL4072315,COc1ccc(/C=C/C(=O)N[C@H]2[C@H](OC)O[C@H](CO)[C@@H](O)[C@@H]2O)cc1,4.85,inactive,1,0,34,16
CHEMBL4073678,O=C(CSc1nnc(Nc2ccccc2)s1)N/N=C/c1ccc(-c2ccccc2[N+](=O)[O-])o1,9.47,active,1,0,33,34
CHEMBL4073866,C[C@]12CC[C@@H]3c4ccc(O)cc4CC[C@H]3[C@@H]1CC[C@@H]2OC(=O)[C@@H]1CCCN1C(=O)c1ccc(-c2ccc(S(N)(=O)=O)cc2)cc1,6.54,medium,1,0,29,7
CHEMBL4075252,COc1cccc(/C=C/C(=O)N[C@@H]2[C@@H](O)[C@H](O)[C@@H](CO)O[C@H]2NC(=S)Nc2ccc(S(N)(=O)=O)cc2)c1OC,7.47,active,1,0,35,17
CHEMBL4075535,O=C(CSc1nnc(Nc2ccccc2)s1)N/N=C/c1ccc(-c2ccc(Br)cc2)o1,9.39,active,1,0,32,35
CHEMBL4075581,COc1cccc(/C=C/C(=O)N[C@@H]2[C@@H](O)[C@H](O)[C@@H](CO)O[C@H]2NC(=S)Nc2ccc(S(N)(=O)=O)cc2)c1,7.35,active,1,0,37,17
CHEMBL4075710,C[C@]12CC[C@@H]3c4ccc(O)cc4CC[C@H]3[C@@H]1CC[C@@H]2OC(=O)[C@@H]1CCCN1C(=O)c1ccc(S(N)(=O)=O)cc1,6.96,medium,1,0,31,11
CHEMBL4077445,C[C@]12CC[C@@H]3c4ccc(O)cc4CC[C@H]3[C@@H]1CC[C@@H]2OC(=O)[C@@H]1CCCN1C(=O)c1cccc(-c2ccc(S(N)(=O)=O)cc2)c1,6.92,medium,1,0,31,10
CHEMBL4078353,C[C@]12CC[C@@H]3c4ccc(O)cc4CC[C@H]3[C@@H]1CC[C@@H]2OC(=O)[C@@H]1CCCN1C(=O)c1cccc(-c2cccc(S(N)(=O)=O)c2)c1,5.0,inactive,1,0,32,11
CHEMBL408,Cc1c(C)c2c(c(C)c1O)CCC(C)(COc1ccc(CC3SC(=O)NC3=O)cc1)O2,6.01,medium,1,0,14,27
CHEMBL4081323,O=C(CSC(=S)NN1CCOCC1)NCc1ccc2c(c1)OCO2,9.54,active,1,0,41,11
CHEMBL4081744,C[C@]12CC[C@@H]3c4ccc(O)cc4CC[C@H]3[C@@H]1CC[C@@H]2OC(=O)[C@@H]1CCCN1C(=O)c1ccc(S(N)(=O)=O)o1,6.6,medium,1,0,31,9
CHEMBL4083620,C[C@]12CC[C@@H]3c4ccc(O)cc4CC[C@H]3[C@@H]1CC[C@@H]2OC(=O)[C@@H]1CCCN1C(=O)c1cccc(S(N)(=O)=O)c1,6.52,medium,1,0,30,9
CHEMBL4085325,N[C@@H]1[C@@H](O)[C@H](O)[C@@H](CO)O[C@H]1NC(=S)Nc1ccc(S(N)(=O)=O)cc1,6.69,medium,1,0,35,16
CHEMBL4085932,C[C@]12CC[C@@H]3c4ccc(O)cc4CC[C@H]3[C@@H]1CC[C@@H]2OC(=O)CNC(=O)c1ccc(S(N)(=O)=O)cc1,7.19,active,1,0,28,9
CHEMBL4086863,CC(C)[C@H](NC(=O)c1ccc(S(N)(=O)=O)cc1)C(=O)O[C@H]1CC[C@H]2[C@@H]3CCc4cc(O)ccc4[C@H]3CC[C@]12C,6.7,medium,1,0,28,10
CHEMBL4089189,O=C(CSC(=S)NN1CCCCC1)NCc1ccc2c(c1)OCO2,9.19,active,1,0,40,10
CHEMBL4089618,C[C@]12CC[C@@H]3c4ccc(O)cc4CC[C@H]3[C@@H]1CC[C@@H]2OC(=O)[C@@H]1CCCN1Cc1ccc(S(N)(=O)=O)cc1,6.89,medium,1,0,29,9
CHEMBL408967,COc1cc2c(cc1OS(N)(=O)=O)CC[C@@H]1[C@@H]2CC[C@]2(C)[C@@H](CC#N)CC[C@@H]12,5.82,inactive,1,0,26,9
CHEMBL4090426,O=C(CSC(=S)NN1CCN(c2ccc([N+](=O)[O-])cc2)CC1)NCc1ccc2c(c1)OCO2,9.1,active,1,0,41,10
CHEMBL4090618,COc1ccccc1/C=C/C(=O)N[C@@H]1[C@@H](O)[C@H](O)[C@@H](CO)O[C@H]1NC(=S)Nc1ccc(S(N)(=O)=O)cc1,7.28,active,1,0,38,17
CHEMBL4094577,C[C@@H](C(=O)O[C@H]1CC[C@H]2[C@@H]3CCc4cc(O)ccc4[C@H]3CC[C@]12C)N(C)C(=O)c1ccc(S(N)(=O)=O)cc1,6.49,medium,1,0,29,10
CHEMBL4096770,COc1cc(/C=C/C(=O)N[C@@H]2[C@@H](O)[C@H](O)[C@@H](CO)O[C@H]2NC(=S)Nc2ccc(S(N)(=O)=O)cc2)cc(OC)c1OC,7.26,active,1,0,38,18
CHEMBL4097972,O=C(CSc1nnc(Nc2ccccc2)s1)N/N=C/c1ccc(-c2ccc(Cl)cc2Cl)o1,9.41,active,1,0,32,34
CHEMBL4098239,C[C@]12CC[C@@H]3c4ccc(O)cc4CC[C@H]3[C@@H]1CC[C@@H]2OC(=O)[C@@H]1CCCN1C(=O)c1coc(S(N)(=O)=O)c1,8.15,active,1,0,32,10
CHEMBL4098852,C[C@]12CC[C@@H]3c4ccc(O)cc4CC[C@H]3[C@@H]1CC[C@@H]2OC(=O)[C@@H]1CCCN1C(=O)c1ccc(S(N)(=O)=O)cn1,5.3,inactive,1,0,29,8
CHEMBL4099344,O=C(CSC(=S)NN1CCSCC1)NCc1ccc2c(c1)OCO2,9.47,active,1,0,41,12
CHEMBL4100191,CC(C)(NC(=O)c1ccc(S(N)(=O)=O)cc1)C(=O)O[C@H]1CC[C@H]2[C@@H]3CCc4cc(O)ccc4[C@H]3CC[C@]12C,6.63,medium,1,0,30,11
CHEMBL4100496,O=C(CSc1nnc(Nc2ccccc2)s1)N/N=C/c1ccc(-c2ccc(Cl)cc2)o1,9.72,active,1,0,32,36
CHEMBL4102621,Cc1cc(C(=O)N2CCC[C@H]2C(=O)O[C@H]2CC[C@H]3[C@@H]4CCc5cc(O)ccc5[C@H]4CC[C@]23C)ccc1S(N)(=O)=O,6.68,medium,1,0,30,8
CHEMBL4103517,COc1ccc(/C=C/C(=O)N[C@@H]2[C@@H](O)[C@H](O)[C@@H](CO)O[C@H]2NC(=S)Nc2ccc(S(N)(=O)=O)cc2)c(OC)c1,7.6,active,1,0,36,17
CHEMBL4105008,O=C(CSc1nnc(Nc2ccccc2)s1)N/N=C/c1ccc(-c2ccccc2Cl)o1,9.82,active,1,0,31,34
CHEMBL413114,COc1ccc(C(=O)c2csc(S(N)(=O)=O)c2)cc1,8.49,active,1,0,10,22
CHEMBL414,NS(=O)(=O)c1ccc(C(=O)O)cc1,5.4399999999999995,inactive,2,1,23,20
CHEMBL4159498,Cc1ccc(S(=O)(=O)n2cc(/C=C/C(=O)c3ccncc3)c3ccccc32)cc1,4.42,inactive,1,0,22,9
CHEMBL4160867,O=C(/C=C/c1cn(S(=O)(=O)c2ccc(Cl)cc2Cl)c2ccccc12)c1ccncc1,5.04,inactive,1,0,23,10
CHEMBL4166636,O=C(/C=C/c1cn(S(=O)(=O)c2cccc([N+](=O)[O-])c2)c2ccccc12)c1ccncc1,4.61,inactive,1,0,24,9
CHEMBL4167235,O=C(/C=C/c1cn(S(=O)(=O)c2ccccc2[N+](=O)[O-])c2ccccc12)c1ccncc1,4.44,inactive,1,0,25,10
CHEMBL4169120,O=C(/C=C/c1cn(S(=O)(=O)c2cccc3ccccc23)c2ccccc12)c1ccncc1,4.19,inactive,1,0,25,9
CHEMBL4169670,O=C(/C=C/c1cn(S(=O)(=O)c2ccc(Cl)cc2)c2ccccc12)c1ccncc1,4.87,inactive,1,0,24,10
CHEMBL4172916,O=C1/C(=C\c2ccc(O)c(O)c2)S/C(=N/c2ccccc2)N1Cc1ccncc1,4.57,inactive,1,0,23,12
CHEMBL4174859,O=C(/C=C/c1cn(S(=O)(=O)c2ccc([N+](=O)[O-])cc2)c2ccccc12)c1ccncc1,4.85,inactive,1,0,23,11
CHEMBL417656,CC1(C)O[C@H]2[C@@H]3OS(=O)(=O)O[C@@H]3CO[C@@]2(COS(N)(=O)=O)O1,7.44,active,1,0,17,18
CHEMBL4177378,CC(C)(C)c1ccc(S(=O)(=O)n2cc(/C=C/C(=O)c3ccncc3)c3ccccc32)cc1,4.92,inactive,1,0,22,10
CHEMBL4177384,O=C1/C(=C\c2ccc([N+](=O)[O-])cc2)S/C(=N/c2ccccc2)N1Cc1ccncc1,4.84,inactive,1,0,24,11
CHEMBL4177494,COc1ccc(S(=O)(=O)n2cc(/C=C/C(=O)c3ccncc3)c3ccccc32)cc1,4.53,inactive,1,0,23,9
CHEMBL417975,CC(C)CN[C@H]1CCS(=O)(=O)c2sc(S(N)(=O)=O)cc21,8.92,active,5,1,15,38
CHEMBL418,Nc1cc(C(F)(F)F)c(S(N)(=O)=O)cc1S(N)(=O)=O,6.47,medium,1,0,28,22
CHEMBL419,NCc1ccc(S(N)(=O)=O)cc1,5.4,inactive,1,0,24,20
CHEMBL42080,CCCCC(N)c1csc(S(N)(=O)=O)c1,6.2,medium,1,0,11,17
CHEMBL420961,NS(=O)(=O)c1nc2ccc(OC(=O)/C=C/c3ccccc3)cc2s1,7.82,active,1,0,11,30
CHEMBL421,O=C(O)c1cc(/N=N/c2ccc(S(=O)(=O)Nc3ccccn3)cc2)ccc1O,5.35,inactive,1,0,30,19
CHEMBL421106,CCCCCCCCS(=O)(=O)CS(N)(=O)=O,7.66,active,1,0,23,26
CHEMBL42278,CCCCCC/C(=N\N)c1csc(S(N)(=O)=O)c1,8.7,active,1,0,9,19
CHEMBL424188,CC(=O)Oc1ccc2cc(S(N)(=O)=O)oc2c1,8.26,active,1,0,15,24
CHEMBL42425,CCCCCC/C(=N\O)c1csc(S(N)(=O)=O)c1,8.24,active,1,0,8,19
CHEMBL4250387,CCOC(=O)c1cccc(CSCc2ccc(S(N)(=O)=O)cc2)c1,7.23,active,1,0,24,21
CHEMBL425287,CCc1cc2c(cc1OS(N)(=O)=O)CC[C@@H]1[C@@H]2CC[C@]2(C)[C@@H](OS(N)(=O)=O)CC[C@@H]12,6.54,medium,1,0,27,9
CHEMBL42675,CCCCCC/C(=N\OC)c1csc(S(N)(=O)=O)c1,8.33,active,1,0,9,18
CHEMBL43047,CCCCCCC(N)c1csc(S(N)(=O)=O)c1,6.8,medium,1,0,11,16
CHEMBL433921,COc1cccc(N2C(CN3CCOCC3)=Cc3cc(S(N)(=O)=O)sc3S2(=O)=O)c1,8.9,active,1,0,25,32
CHEMBL43440,NS(=O)(=O)c1cc(C(=O)c2ccccc2)cs1,8.17,active,1,0,8,23
CHEMBL44173,CCCCCCC(=O)c1csc(S(N)(=O)=O)c1,8.3,active,1,0,8,20
CHEMBL44238,CCCCNC(C)c1csc(S(N)(=O)=O)c1,6.23,medium,1,0,10,17
CHEMBL442687,O=c1oc2cc(O)ccc2s1,5.75,inactive,1,0,15,28
CHEMBL442751,CCCCCC(=O)Oc1ccc2nc(S(N)(=O)=O)sc2c1,8.4,active,1,0,8,25
CHEMBL44335,CCCCCCC(O)c1csc(S(N)(=O)=O)c1,7.89,active,1,0,9,17
CHEMBL443431,CC(=O)Cn1c(C)cc2c(-n3nc(C(=O)Nc4nnc(S(N)(=O)=O)s4)c(C(=O)c4ccccc4)c3-c3ccccc3)cccc21,6.75,medium,2,0,5,31
CHEMBL4441746,NS(=O)(=O)Oc1ccc(-c2ccc3occc3c2)cc1,5.58,inactive,1,0,15,10
CHEMBL4444582,NS(=O)(=O)c1ccc(C(=O)n2[nH]c(=O)c3cc(F)ccc3c2=O)cc1,7.99,active,1,0,26,12
CHEMBL444683,CC(=O)C(/N=N/c1cccc(-n2nc(C(=O)Nc3nnc(S(N)(=O)=O)s3)c(C(=O)c3ccccc3)c2-c2ccccc2)c1)C(=O)c1ccccc1,6.245,medium,2,0,8,32
CHEMBL4447079,O=S(=O)(Oc1ccc(-c2ccc3occc3c2)cc1)c1ccc(F)cc1,6.85,medium,1,0,14,11
CHEMBL4447505,NS(=O)(=O)c1cccc(NC(=S)NC(=O)c2ccc([N+](=O)[O-])cc2)c1,6.85,medium,1,0,28,13
CHEMBL4448898,CCCS(=O)(=O)Oc1ccc(-c2ccc3occc3c2)cc1,5.79,inactive,1,0,13,11
CHEMBL4453373,NS(=O)(=O)c1ccc(C(=O)n2[nH]c(=O)c3cc([N+](=O)[O-])ccc3c2=O)cc1,7.99,active,1,0,25,13
CHEMBL4456875,COc1ccccc1C(=O)NC(=S)Nc1cccc(S(N)(=O)=O)c1,7.68,active,1,0,30,17
CHEMBL445982,CCOC(=O)C(/N=N/c1cccc(-n2nc(C(=O)Nc3nnc(S(N)(=O)=O)s3)c(C(=O)c3ccccc3)c2-c2ccccc2)c1)C(=O)c1ccccc1,6.8100000000000005,medium,2,1,7,32
CHEMBL4463022,CC(C)[C@@H]1CC[C@@H](C)C[C@H]1OS(=O)(=O)NC(c1ccccc1)c1ccccc1,7.8,active,1,0,16,17
CHEMBL4463041,CN(C)S(=O)(=O)Oc1ccc(-c2ccc3sccc3c2)cc1,5.24,inactive,1,0,11,13
CHEMBL4467499,Cc1ccc(S(=O)(=O)Oc2ccc(-c3ccc4sccc4c3)cc2)cc1,5.48,inactive,1,0,11,15
CHEMBL4469527,CCCS(=O)(=O)Oc1ccc(-c2ccc3sccc3c2)cc1,6.51,medium,1,0,13,13
CHEMBL4473329,COc1ccccc1C(=O)NC(=S)Nc1ccc(S(N)(=O)=O)cc1,8.68,active,1,0,28,14
CHEMBL4476621,O=C(NNC(=S)Nc1ccc(Cl)c(Cl)c1)c1ccccc1O,7.54,active,1,0,30,16
CHEMBL4476741,NS(=O)(=O)Oc1ccc(-c2ccc3sccc3c2)cc1,5.88,inactive,1,0,12,14
CHEMBL447810,O=C(O)c1c(O)cc([N+](=O)[O-])cc1[N+](=O)[O-],5.55,inactive,1,0,24,14
CHEMBL451547,Cc1c(S(N)(=O)=O)oc2cc(O)ccc12,6.68,medium,1,0,17,28
CHEMBL4517453,Cc1ccc(S(=O)(=O)Oc2ccc(-c3ccc4occc4c3)cc2)cc1,6.3,medium,1,0,12,11
CHEMBL4524569,NS(=O)(=O)c1ccc(C(=O)n2[nH]c(=O)c3c([N+](=O)[O-])cccc3c2=O)cc1,7.99,active,1,0,27,11
CHEMBL4528023,O=S(=O)(Oc1ccc(-c2ccc3sccc3c2)cc1)c1ccc(F)cc1,5.68,inactive,1,0,12,13
CHEMBL4532237,CNS(=O)(=O)Oc1ccc(-c2ccc3sccc3c2)cc1,5.92,inactive,1,0,12,12
CHEMBL4533252,COc1ccc(C2=NN(C(C)=O)C(c3ccc(OS(N)(=O)=O)cc3)C2)cc1,9.4,active,1,0,33,26
CHEMBL4533978,CN(C)S(=O)(=O)Oc1ccc(-c2ccc3occc3c2)cc1,5.91,inactive,1,0,14,10
CHEMBL4538894,COc1ccc(C(=O)NC(=S)Nc2cccc(S(N)(=O)=O)c2)cc1,6.04,medium,1,0,29,12
CHEMBL453931,CC(=O)C(/N=N/c1cccc(-n2nc(C(=O)Nc3nnc(S(N)(=O)=O)s3)c(C(=O)c3ccccc3)c2-c2ccccc2)c1)C(C)=O,6.91,medium,2,0,6,32
CHEMBL4540118,O=S(=O)(Oc1ccc(-c2ccc3sccc3c2)cc1)c1ccccc1,5.83,inactive,1,0,13,14
CHEMBL4541764,NS(=O)(=O)c1ccc(C(=O)n2[nH]c(=O)c3ccc(C(=O)O)cc3c2=O)cc1,7.99,active,1,0,24,12
CHEMBL4554647,O=S(=O)(Oc1ccc(-c2ccc3occc3c2)cc1)c1ccccc1,6.39,medium,1,0,15,12
CHEMBL4557523,CNS(=O)(=O)Oc1ccc(-c2ccc3occc3c2)cc1,5.98,inactive,1,0,13,12
CHEMBL4561046,CCS(=O)(=O)Oc1ccc(-c2ccc3occc3c2)cc1,5.8,inactive,1,0,14,12
CHEMBL4576825,CCS(=O)(=O)Oc1ccc(-c2ccc3sccc3c2)cc1,5.89,inactive,1,0,11,14
CHEMBL4579543,NS(=O)(=O)c1ccc(C(=O)n2[nH]c(=O)c3c(F)cccc3c2=O)cc1,7.99,active,1,0,28,11
CHEMBL4584443,NS(=O)(=O)c1cccc(NC(=S)NC(=O)c2ccccc2)c1,6.78,medium,1,0,29,13
CHEMBL4591628,CS(=O)(=O)Oc1ccc(-c2ccc3sccc3c2)cc1,5.82,inactive,1,0,11,12
CHEMBL4592008,CS(=O)(=O)Oc1ccc(-c2ccc3occc3c2)cc1,5.67,inactive,1,0,15,11
CHEMBL4632515,COc1cc(/C=C/C(=O)O)ccc1OCc1cn(-c2ccccc2[N+](=O)[O-])nn1,5.56,inactive,1,0,36,27
CHEMBL4632577,COc1cc(/C=C/C(=O)O)ccc1OCc1cn(-c2ccccc2Cl)nn1,4.85,inactive,1,0,35,28
CHEMBL4633178,NS(=O)(=O)c1ccc(N2C(=O)CC/C2=C\C(=O)c2cccc(F)c2)cc1,9.34,active,1,0,26,15
CHEMBL4635469,COc1cc(/C=C/C(=O)O)ccc1OCc1cn(-c2ccccc2C)nn1,5.38,inactive,1,0,34,29
CHEMBL4635834,COc1ccc(-n2cc(COc3ccc(/C=C/C(=O)O)cc3OC)nn2)cc1,5.28,inactive,1,0,35,27
CHEMBL4636417,COc1cc(/C=C/C(=O)O)ccc1OCc1cn(-c2ccc([N+](=O)[O-])cc2)nn1,5.56,inactive,1,0,34,27
CHEMBL4637712,COc1cc(/C=C/C(=O)O)ccc1OCc1cn(-c2cccc(F)c2)nn1,5.01,inactive,1,0,34,26
CHEMBL4639923,COc1cc(/C=C/C(=O)O)ccc1OCc1cn(-c2ccc(Cl)cc2)nn1,5.73,inactive,1,0,34,28
CHEMBL4640224,COc1cc(/C=C/C(=O)O)ccc1OCc1cn(-c2cccc([N+](=O)[O-])c2)nn1,5.7,inactive,1,0,35,26
CHEMBL4640484,COc1cc(/C=C/C(=O)O)ccc1OCc1cn(-c2cccc(C)c2)nn1,5.68,inactive,1,0,33,27
CHEMBL4641337,COc1cc(/C=C/C(=O)O)ccc1OCc1cn(-c2ccccc2OC)nn1,5.28,inactive,1,0,35,29
CHEMBL4641693,COc1cccc(-n2cc(COc3ccc(/C=C/C(=O)O)cc3OC)nn2)c1,5.44,inactive,1,0,32,28
CHEMBL4641866,COc1cc(/C=C/C(=O)O)ccc1OCc1cn(-c2cccc(Cl)c2)nn1,5.17,inactive,1,0,34,25
CHEMBL4641975,COc1cc(/C=C/C(=O)O)ccc1OCc1cn(-c2ccc(F)cc2)nn1,5.18,inactive,1,0,33,28
CHEMBL4642019,COc1cc(/C=C/C(=O)O)ccc1OCc1cn(-c2ccc(C(=O)O)cc2)nn1,5.7,inactive,1,0,32,29
CHEMBL4642730,COc1cc(/C=C/C(=O)O)ccc1OCc1cn(-c2ccc(C)cc2)nn1,5.45,inactive,1,0,31,29
CHEMBL4644942,NS(=O)(=O)c1ccc(N2C(=O)CC/C2=C\C(=O)c2ccc([N+](=O)[O-])cc2Cl)cc1,9.34,active,1,0,26,14
CHEMBL4647534,COc1cc(/C=C/C(=O)O)ccc1OCc1cn(-c2ccccc2F)nn1,4.97,inactive,1,0,36,28
CHEMBL466495,N#Cc1cccc(-n2nc(C(=O)Nc3nnc(S(N)(=O)=O)s3)c(C(=O)c3ccccc3)c2-c2ccccc2)c1,7.0,active,2,0,7,28
CHEMBL466517,NS(=O)(=O)NCc1csc2ccccc12,4.18,inactive,1,0,22,28
CHEMBL467098,CCOC(=O)c1c(C(=O)Nc2nnc(S(N)(=O)=O)s2)nn(-c2cccc(N)c2)c1-c1ccccc1,7.574999999999999,active,2,0,5,28
CHEMBL4741442,C[C@H](CO)Nc1nc(Nc2ccc(S(N)(=O)=O)cc2)ncc1Br,6.29,medium,2,0,26,18
CHEMBL4741640,NS(=O)(=O)c1ccc(NC(=O)CSC(=S)N2CCN(C3CCCCC3)CC2)cc1,6.28,medium,1,0,30,12
CHEMBL4746908,NS(=O)(=O)c1ccc(NC(=O)CSC(=S)N2CCN(c3ccc([N+](=O)[O-])cc3)CC2)cc1,5.65,inactive,1,0,33,15
CHEMBL4747356,NS(=O)(=O)c1ccc(NC(=O)CSC(=S)N2CCN(c3ccccn3)CC2)cc1,7.41,active,1,0,31,14
CHEMBL4750069,NS(=O)(=O)c1ccc(NC(=O)CSC(=S)N2CCN(c3ncccn3)CC2)cc1,6.72,medium,1,0,33,16
CHEMBL4759737,NS(=O)(=O)c1ccc(NC(=O)CSC(=S)N2CCN(C(=O)c3ccco3)CC2)cc1,6.07,medium,1,0,32,12
CHEMBL4761403,COc1ccc(CN2CCN(C(=S)SCC(=O)Nc3ccc(S(N)(=O)=O)cc3)CC2)cc1,4.04,inactive,1,0,32,15
CHEMBL4763412,Cc1ccc(CN2CCN(C(=S)SCC(=O)Nc3ccc(S(N)(=O)=O)cc3)CC2)cc1,6.88,medium,1,0,32,13
CHEMBL4764100,CN1CCN(C(=S)SCC(=O)Nc2ccc(S(N)(=O)=O)cc2)CC1,7.55,active,1,0,32,14
CHEMBL4783836,NS(=O)(=O)c1ccc(NC(=O)CSC(=S)N2CCN(Cc3ccc(F)cc3)CC2)cc1,6.6,medium,1,0,31,12
CHEMBL4786423,CN(C)CCN1CCN(C(=S)SCC(=O)Nc2ccc(S(N)(=O)=O)cc2)CC1,7.48,active,1,0,31,13
CHEMBL4792992,CN(C)CCCN1CCN(C(=S)SCC(=O)Nc2ccc(S(N)(=O)=O)cc2)CC1,7.62,active,1,0,30,13
CHEMBL4799997,NS(=O)(=O)c1ccc(N2CCN(c3ccc(F)cc3F)C2=O)cc1,6.11,medium,1,0,28,19
CHEMBL4846607,NS(=O)(=O)c1ccc(NC(=S)Nc2ccc3ncnc(Nc4cccc(C(F)(F)F)c4)c3c2)cc1,6.28,medium,1,0,31,15
CHEMBL4847613,COc1ccc(C2CC(c3cc(F)cc(F)c3)=NN2c2ccc(S(N)(=O)=O)cc2)c(OC)c1,8.32,active,2,0,32,26
CHEMBL4847624,COc1ccc(C2CC(c3cc(F)ccc3F)=NN2c2ccc(S(N)(=O)=O)cc2)c(OC)c1,8.280000000000001,active,2,0,31,26
CHEMBL4849196,COc1ccc(C2CC(c3cc(F)ccc3F)=NN2c2ccc(S(N)(=O)=O)cc2)cc1OC,8.335,active,2,0,30,28
CHEMBL4849226,NS(=O)(=O)c1ccc(C(=O)N[C@@H]2O[C@H](CO)[C@@H](O)[C@H](O)[C@H]2O)cc1,6.57,medium,1,0,38,16
CHEMBL4849396,NS(=O)(=O)c1ccc(C(=O)N[C@@H]2O[C@H](CO)[C@@H](O)[C@H]2O)cc1,7.1,active,1,0,38,15
CHEMBL4853833,COc1cc2ncnc(Nc3cccc(C(F)(F)F)c3)c2cc1OCCCCC(=O)Nc1ccc(S(N)(=O)=O)cc1,6.56,medium,1,0,32,16
CHEMBL4854006,NS(=O)(=O)c1ccc(C(=O)N[C@@H]2OC[C@H](O)[C@H](O)[C@H]2O)cc1,7.05,active,1,0,37,13
CHEMBL4856793,Cc1sc(C(=O)c2cncnc2N[C@@H]2C[C@H](COS(N)(=O)=O)[C@@H](O)C2)cc1C1OCCc2ccc(Cl)cc21,8.0,active,1,0,20,21
CHEMBL4857592,COc1cccc(C2CC(c3cc(F)cc(F)c3)=NN2c2ccc(S(N)(=O)=O)cc2)c1OC,8.295,active,2,0,33,25
CHEMBL4857605,NS(=O)(=O)c1ccc(CCNC(=S)Nc2ccc3ncnc(Nc4cccc(C(F)(F)F)c4)c3c2)cc1,6.62,medium,1,0,31,16
CHEMBL4859439,Cc1ncc([N+](=O)[O-])n1CCOc1cccc(/C=N\c2ccc(S(=O)(=O)Nc3nccs3)cc2)c1,7.05,active,1,0,35,22
CHEMBL4861346,COc1cc2ncnc(Nc3ccc(Cl)c(C(F)(F)F)c3)c2cc1OCCCCC(=O)Nc1ccc(S(N)(=O)=O)cc1,6.45,medium,1,0,32,17
CHEMBL4862901,Cc1sc(C(=O)c2cncnc2N[C@@H]2C[C@H](COS(N)(=O)=O)[C@@H](O)C2)cc1[C@@H]1NCCc2ccc(Cl)cc21,7.7,active,1,0,21,20
CHEMBL4863113,COC(=O)[C@H]1O[C@@H](NC(=O)c2ccc(S(N)(=O)=O)cc2)[C@H](O)[C@@H](O)[C@@H]1O,7.3,active,1,0,38,14
CHEMBL4863999,NS(=O)(=O)c1ccc(C(=O)N[C@@H]2O[C@H](CO)[C@H](O)[C@H](O)[C@H]2O)cc1,6.68,medium,1,0,37,16
CHEMBL4864240,Cc1ncc([N+](=O)[O-])n1CCNC(=S)NCCc1ccc(OS(N)(=O)=O)cc1,7.23,active,1,0,35,19
CHEMBL4864555,COc1ccc(C2CC(c3cc(F)cc(F)c3)=NN2c2ccc(S(N)(=O)=O)cc2)cc1OC,8.35,active,1,0,32,27
CHEMBL4865818,NS(=O)(=O)c1ccc(C(=O)N[C@@H]2O[C@H](CO)[C@@H](O)[C@H](O)[C@@H]2O)cc1,8.05,active,1,0,37,14
CHEMBL4868770,Cc1ncc([N+](=O)[O-])n1CCNC(=S)NCCc1ccc(NS(N)(=O)=O)cc1,7.23,active,1,0,35,18
CHEMBL4869398,COc1ccc(OC)c(C2CC(c3cc(F)ccc3F)=NN2c2ccc(S(N)(=O)=O)cc2)c1,8.305,active,2,0,32,25
CHEMBL4870385,NS(=O)(=O)OC[C@H]1C[C@@H](Nc2ncncc2C(=O)c2ccn(Cc3cccc(Br)c3)n2)C[C@@H]1O,8.0,active,1,0,21,21
CHEMBL4870827,Cc1ncc([N+](=O)[O-])n1CCOc1ccc(/C=N\c2ccc(S(=O)(=O)NC(=N)N)cc2)cc1,7.16,active,1,0,35,20
CHEMBL4872387,COc1ccc(OC)c(C2CC(c3cc(F)cc(F)c3)=NN2c2ccc(S(N)(=O)=O)cc2)c1,8.305,active,2,0,31,27
CHEMBL4874430,Cc1ncc([N+](=O)[O-])n1CCS(N)(=O)=O,7.23,active,1,0,34,23
CHEMBL4876038,COc1cccc(C2CC(c3cc(F)ccc3F)=NN2c2ccc(S(N)(=O)=O)cc2)c1OC,8.3,active,2,0,30,27
CHEMBL4876347,C[C@@H]1OC[C@@](O)(NC(=O)c2ccc(S(N)(=O)=O)cc2)[C@H](O)[C@H]1O,7.16,active,1,0,36,13
CHEMBL4876707,Cc1ncc([N+](=O)[O-])n1CCOc1ccc(/C=N\c2ccc(S(=O)(=O)Nc3nccs3)cc2)cc1,7.8,active,1,0,34,24
CHEMBL4878420,Cc1cc(NNS(=O)(=O)c2ccc(/N=C\c3ccc(OCCn4c([N+](=O)[O-])cnc4C)cc3)cc2)no1,7.48,active,1,0,35,21
CHEMBL499578,CCOC(=O)C(/N=N/c1cccc(-n2nc(C(=O)Nc3nnc(S(N)(=O)=O)s3)c(C(=O)c3ccccc3)c2-c2ccccc2)c1)C(=O)OCC,6.59,medium,2,0,8,31
CHEMBL503194,NS(=O)(=O)c1nnc(NC(=O)c2nn(-c3cccc(/N=N/C(C(=O)c4ccccc4)C(=O)c4ccccc4)c3)c(-c3ccccc3)c2C(=O)c2ccccc2)s1,7.18,active,2,1,8,30
CHEMBL50395,COCCOCCN(CCOC)C(Cc1ccc(F)cc1)c1cc2cc(S(N)(=O)=O)sc2s1,8.94,active,1,0,19,33
CHEMBL507085,CC(=O)C(/N=N/c1cccc(-n2nc(C(=O)Nc3nnc(S(N)(=O)=O)s3)c(C(=O)c3ccccc3)c2-c2ccccc2)c1)C(=O)OC(C)(C)C,6.824999999999999,medium,2,0,7,31
CHEMBL5074657,CC(=O)N[C@@H]1O[C@H](CO)[C@@H](O)[C@H](O)[C@H]1NC(=O)c1ccc(S(N)(=O)=O)cc1,7.44,active,1,0,36,16
CHEMBL5076082,CCCO[C@@H]1O[C@H](CO)[C@@H](O)[C@H](O)[C@H]1NC(=O)c1ccc(S(N)(=O)=O)cc1,7.38,active,1,0,34,15
CHEMBL5077053,CO[C@@H]1O[C@H](CNC(=O)c2ccc(S(N)(=O)=O)cc2)[C@@H](O)[C@H](O)[C@H]1O,7.0,active,1,0,34,14
CHEMBL5080007,CO[C@@H]1O[C@H](CO)[C@@H](O)[C@H](O)[C@H]1NC(=O)c1ccc(S(N)(=O)=O)cc1,8.0,active,1,0,35,15
CHEMBL5081057,CCCO[C@@H]1O[C@H](CNC(=O)c2ccc(S(N)(=O)=O)cc2)[C@@H](O)[C@H](O)[C@H]1N,7.0,active,1,0,34,13
CHEMBL5082154,CCO[C@@H]1O[C@H](CO)[C@@H](O)[C@H](O)[C@H]1NC(=O)c1ccc(S(N)(=O)=O)cc1,7.46,active,1,0,36,15
CHEMBL5082205,CC(C)O[C@@H]1O[C@H](CO)[C@@H](O)[C@H](O)[C@H]1NC(=O)c1ccc(S(N)(=O)=O)cc1,7.5,active,1,0,36,14
CHEMBL5082693,CO[C@@H]1O[C@H](CNC(=O)c2ccc(S(N)(=O)=O)cc2)[C@H](O)[C@H](O)[C@H]1O,7.22,active,1,0,35,14
CHEMBL5083451,CCO[C@@H]1O[C@H](CNC(=O)c2ccc(S(N)(=O)=O)cc2)[C@H](O)[C@H](O)[C@H]1O,6.82,medium,1,0,34,12
CHEMBL5084604,CCCO[C@@H]1O[C@H](CNC(=O)c2ccc(S(N)(=O)=O)cc2)[C@H](O)[C@H](O)[C@H]1O,6.96,medium,1,0,33,14
CHEMBL5085498,CCCO[C@@H]1O[C@H](CNC(=O)c2ccc(S(N)(=O)=O)cc2)[C@@H](O)[C@H](O)[C@H]1O,7.05,active,1,0,35,11
CHEMBL508578,NS(=O)(=O)c1nnc(NC(=O)c2nn(-c3cccc(/N=N/c4c(O)ccc5ccccc45)c3)c(-c3ccccc3)c2C(=O)c2ccccc2)s1,7.85,active,2,0,6,30
CHEMBL5087194,CCC(=O)N[C@@H]1O[C@H](CO)[C@@H](O)[C@H](O)[C@H]1NC(=O)c1ccc(S(N)(=O)=O)cc1,7.62,active,1,0,37,15
CHEMBL508732,Cc1ccc(S(=O)(=O)n2cccc2)cc1,4.64,inactive,1,0,21,17
CHEMBL5089923,CCO[C@@H]1O[C@H](CNC(=O)c2ccc(S(N)(=O)=O)cc2)[C@@H](O)[C@H](O)[C@H]1O,7.1,active,1,0,35,12
CHEMBL5090536,CCCO[C@@H]1O[C@H](CNC(=O)c2ccc(S(N)(=O)=O)cc2)[C@@H](O)[C@H](O)[C@@H]1O,6.8,medium,1,0,33,13
CHEMBL5091927,CO[C@@H]1O[C@H](CNC(=O)c2ccc(S(N)(=O)=O)cc2)[C@@H](O)[C@H](O)[C@@H]1O,7.16,active,1,0,36,12
CHEMBL50929,NCc1cc2cc(S(N)(=O)=O)sc2s1,7.85,active,1,0,26,36
CHEMBL5093541,CCO[C@@H]1O[C@H](CNC(=O)c2ccc(S(N)(=O)=O)cc2)[C@@H](O)[C@H](O)[C@@H]1O,7.05,active,1,0,33,12
CHEMBL5094014,CCO[C@@H]1O[C@H](CNC(=O)c2ccc(S(N)(=O)=O)cc2)[C@@H](O)[C@H](O)[C@H]1N,7.05,active,1,0,34,11
CHEMBL5094148,CO[C@@H]1O[C@H](CNC(=O)c2ccc(S(N)(=O)=O)cc2)[C@@H](O)[C@H](O)[C@H]1N,6.92,medium,1,0,35,13
CHEMBL510182,NS(=O)(=O)c1nnc(NC(=O)c2nn(-c3cccc(/N=N/c4ccc(O)cc4)c3)c(-c3ccccc3)c2C(=O)c2ccccc2)s1,7.53,active,2,0,6,31
CHEMBL51097,NS(=O)(=O)c1cc2cc(C(=O)N(CCO)CCO)sc2s1,8.18,active,1,0,25,34
CHEMBL513122,CCOC(=O)c1c(C(=O)Nc2nnc(S(N)(=O)=O)s2)nn(-c2ccc(N)cc2)c1-c1ccccc1,7.46,active,2,0,6,27
CHEMBL513141,Nc1ccc(-n2nc(C(=O)Nc3nnc(S(N)(=O)=O)s3)c(C(=O)c3ccccc3)c2-c2ccccc2)cc1,5.59,inactive,2,0,7,27
CHEMBL513659,NS(=O)(=O)c1nnc(NC(=O)c2nn(-c3cccc(O)c3)c(-c3ccccc3)c2C(=O)c2ccccc2)s1,7.29,active,2,1,7,29
CHEMBL513820,NS(=O)(=O)c1nnc(NC(=O)c2nn(-c3cccc(I)c3)c(-c3ccccc3)c2C(=O)c2ccccc2)s1,6.665,medium,2,0,7,30
CHEMBL513840,Nc1cccc(-n2nc(C(=O)Nc3nnc(S(N)(=O)=O)s3)c(C(=O)c3ccccc3)c2-c2ccccc2)c1,5.5649999999999995,inactive,2,0,6,29
CHEMBL5170504,NS(=O)(=O)c1ccc(C(=O)n2[nH]c(=O)c3ccccc3c2=O)cc1,7.99,active,1,0,26,11
CHEMBL5174661,NS(=O)(=O)c1ccc(C(=O)n2[nH]c(=O)c3c(Cl)c(Cl)c(Cl)c(Cl)c3c2=O)cc1,7.99,active,1,0,26,10
CHEMBL5175806,CCOc1cccc(F)c1C#Cc1cn([C@@H]2O[C@H](CNS(N)(=O)=O)[C@@H](O)[C@H]2O)c2ncnc(N)c12,6.14,medium,1,0,17,19
CHEMBL5184339,NS(=O)(=O)c1ccc(C(=O)n2[nH]c(=O)c3cc4c(=O)[nH]n(C(=O)c5ccc(S(N)(=O)=O)cc5)c(=O)c4cc3c2=O)cc1,7.99,active,1,0,25,12
CHEMBL5185236,NS(=O)(=O)c1ccc(C(=O)N2NC(=O)C3CC=CCC3C2=O)cc1,7.99,active,1,0,28,12
CHEMBL5185637,Cn1c(-c2ccc(S(N)(=O)=O)cc2)nc2ccccc21,8.06,active,1,0,22,18
CHEMBL5195934,NS(=O)(=O)c1ccc(C(=O)N2NC(=O)C3CCCCC3C2=O)cc1,7.99,active,1,0,27,12
CHEMBL5196628,NS(=O)(=O)c1ccc(C(=O)N2NC(=O)c3cccc4cccc(c34)C2=O)cc1,7.99,active,1,0,26,13
CHEMBL51975,NS(=O)(=O)c1cc2cc(C(=O)NCC(O)CO)sc2s1,8.49,active,1,0,27,32
CHEMBL5199602,Cn1c(-c2ccc(S(N)(=O)=O)cc2)nc2cc(S(N)(=O)=O)ccc21,7.98,active,1,0,23,19
CHEMBL5203234,NS(=O)(=O)c1ccc(C(=O)n2[nH]c(=O)c3c(Br)c(Br)c(Br)c(Br)c3c2=O)cc1,7.99,active,1,0,25,11
CHEMBL5219841,COc1cccc2c1CCCC2NS(=O)(=O)NC(=O)OCc1ccccc1,8.31,active,1,0,16,14
CHEMBL5221319,O=c1cc(C[n+]2cn(Cc3ccc4ccccc4c3)c3ccccc32)c2ccc(O)c(O)c2o1,5.22,inactive,1,0,17,25
CHEMBL5221532,O=c1cc(Cn2c[n+](CCCCCn3c[n+](Cc4cc(=O)oc5cc(O)ccc45)c4ccccc43)c3ccccc32)c2ccc(O)cc2o1,4.05,inactive,1,0,16,25
CHEMBL5221599,O=c1cc(Cn2c[n+](CCCCn3c[n+](Cc4cc(=O)oc5cc(O)ccc45)c4ccccc43)c3ccccc32)c2ccc(O)cc2o1,4.03,inactive,1,0,18,26
CHEMBL5222288,O=c1cc(C[n+]2cn(Cc3ccc4ccccc4c3)c3ccccc32)c2ccc(O)cc2o1,5.22,inactive,1,0,19,27
CHEMBL5286328,CC1(C)O[C@@H]2[C@@H](O)[C@H]3NC(=O)O[C@H]3C[C@@H]2O1,4.61,inactive,1,0,18,18
CHEMBL52944,NS(=O)(=O)c1cc2cc(CN3CC[S+]([O-])CC3)sc2s1,8.4,active,1,0,25,35
CHEMBL53964,C[S+]([O-])CCNC(=O)c1cc2cc(S(N)(=O)=O)sc2s1,8.34,active,1,0,26,33
CHEMBL5404116,O=C(Nc1ccc(OS(=O)(=O)c2ccccc2)cc1)C12CC3CC(CC(C3)C1)C2,6.06,medium,1,0,14,13
CHEMBL541211,CC(C)CNC(=O)CC1Sc2sc(S(N)(=O)=O)cc2NC1=O,8.34,active,1,0,21,37
CHEMBL5431270,Nc1c(C(=O)N/N=C/c2ccc(Cl)cc2)cnn1-c1ccc(S(N)(=O)=O)cc1,7.64,active,1,0,27,16
CHEMBL549757,C#CCNc1nc(Nc2ccc(S(N)(=O)=O)cc2)ncc1Br,6.48,medium,1,0,26,19
CHEMBL55371,O=P(O)(O)C(Nc1cccc(-c2ccccc2)c1)P(=O)(O)O,5.03,inactive,1,0,22,12
CHEMBL5562650,NS(=O)(=O)c1ccc(NCCC(=O)N/N=C/c2ccc(-c3ccc(Br)s3)cc2)cc1,6.96,medium,1,0,29,18
CHEMBL560175,COc1cc(O)c(/C=C\C(=O)O)cc1[C@@H](O)CC(C)C,7.23,active,1,0,36,26
CHEMBL5618562,COc1cc(-c2cc(-c3ccc(N)cc3)nn2C(N)=S)cc(OC)c1OC,7.77,active,1,0,31,28
CHEMBL5619229,COc1ccc(-c2cc(-c3ccc(N)cc3)nn2C(N)=S)cc1OC,7.69,active,1,0,30,29
CHEMBL574,Cc1ccc(S(N)(=O)=O)cc1,6.24,medium,1,0,22,19
CHEMBL5741962,Cc1nnn(Cc2cc(C(F)(F)F)ccc2CCC(=O)N2CCN(C(=O)c3c(F)cc(S(N)(=O)=O)cc3F)CC2)n1,7.75,active,1,0,17,5
CHEMBL5747481,NS(=O)(=O)c1ccc(S(=O)(=O)CC2CCN(C(=O)c3cc(OCC4CCOCC4)nc(C4CC4)c3)CC2)c(F)c1,8.14,active,1,0,11,1
CHEMBL5749252,Cc1nnn(Cc2cc(C(F)(F)F)ccc2CCC(=O)N2CCN(S(=O)(=O)c3ccc(S(N)(=O)=O)cc3F)CC2)n1,7.75,active,1,0,17,4
CHEMBL5752384,Cc1nnn(Cc2cc(C(F)(F)F)ccc2CCC(=O)N2CCC([S+]([O-])c3ccc(S(N)(=O)=O)cc3F)CC2)n1,7.76,active,1,0,18,1
CHEMBL5754211,CC(C)(C)C(=O)Nc1cc(C(F)(F)F)cnc1COC(=O)N1CC2=C(C1)CN(S(=O)(=O)c1ccc(S(N)(=O)=O)cc1F)C2,8.15,active,1,0,14,0
CHEMBL5756519,C[C@@]12CN(C(=O)OCc3ccc(OC(F)(F)F)cc3)C[C@H]1CN(C(=O)c1ccc(S(N)(=O)=O)cc1)C2,7.725,active,8,0,14,4
CHEMBL5761110,NS(=O)(=O)c1ccc(S(=O)(=O)N2CCN(C(=O)c3cc(OCC4CCOCC4)nc(C4CC4)c3)CC2)c(F)c1,7.7,active,1,0,12,3
CHEMBL5762270,Cc1nnn(Cc2cc(C(F)(F)F)ccc2CCC(=O)N2CCC(Cc3ccc(S(N)(=O)=O)cc3)CC2)n1,7.88,active,1,0,20,4
CHEMBL5762490,CC(C)(C)C(=O)Nc1cc(C#N)c(Cl)cc1COC(=O)N1CC2=C(C1)CN(C(=O)c1ccc(S(N)(=O)=O)cn1)C2,8.52,active,5,1,14,3
CHEMBL5765401,Cc1nnn(Cc2cc(C(F)(F)F)ccc2CCC(=O)N2CCC[C@@H]2COc2ccc(S(N)(=O)=O)cc2)n1,7.68,active,1,0,22,2
CHEMBL5767515,CCOc1cccc(F)c1C#Cc1cn([C@@H]2C[C@H](CNS(N)(=O)=O)[C@@H](O)[C@H]2O)c2ncnc(N)c12,6.75,medium,1,0,17,20
CHEMBL5775139,Cc1nnn(Cc2cc(C(F)(F)F)ccc2CCC(=O)N2CCC(CCS(=O)(=O)c3ccc(S(N)(=O)=O)s3)CC2)n1,8.14,active,1,0,20,0
CHEMBL5775979,Cc1nnn(Cc2cc(C(F)(F)F)ccc2CCC(=O)N2CCC(Sc3ncc(S(N)(=O)=O)cc3F)CC2)n1,8.1,active,1,0,20,2
CHEMBL5776463,NS(=O)(=O)c1ccc(S(=O)(=O)C2CCN(C(=O)c3cc(OCC4CCOCC4)nc(C4CC4)c3)CC2)c(F)c1,7.99,active,1,0,9,0
CHEMBL5779012,Cc1nnn(Cc2cc(C(F)(F)F)ccc2CCC(=O)N2CC(S(=O)(=O)c3ccc(S(N)(=O)=O)cc3F)C2)n1,8.89,active,1,0,16,3
CHEMBL5779438,Cc1nnn(Cc2cc(C(F)(F)F)ccc2CCC(=O)N2CCC(CC[S+]([O-])c3ccc(S(N)(=O)=O)cc3F)CC2)n1,7.91,active,1,0,19,2
CHEMBL5779702,NS(=O)(=O)c1ccc(C(=O)N2C[C@H]3CN(C(=O)/C=C/c4ccc(OC(F)(F)F)cc4)C[C@]3(F)C2)c(F)c1,8.22,active,4,0,13,5
CHEMBL5780867,CC(C)(C)C(=O)Nc1cc(C#N)cnc1COC(=O)N1CCC(Cc2ccc(S(N)(=O)=O)cc2)CC1,7.14,active,1,0,13,3
CHEMBL5797895,NS(=O)(=O)c1ccc(CC2CCN(C(=O)c3cc(OCC4CCOCC4)nc(C4CC4)c3)CC2)cc1,6.96,medium,1,0,10,0
CHEMBL5803772,Cc1nnn(Cc2cc(C(F)(F)F)ccc2CCC(=O)N2CCC(S(=O)(=O)c3ccc(S(N)(=O)=O)c(F)c3F)CC2)n1,8.74,active,1,0,17,0
CHEMBL5808038,NS(=O)(=O)c1cnc(SC2CCN(C(=O)c3cc(OCC4CCOCC4)nc(C4CC4)c3)CC2)c(F)c1,8.05,active,1,0,11,2
CHEMBL5815791,NS(=O)(=O)c1ccc(S(=O)(=O)C2CCN(C(=O)c3cc(OCC4CCOCC4)nc(C4CC4)c3)CC2)c(F)c1F,8.04,active,1,0,10,3
CHEMBL5817956,Cc1nnn(Cc2cc(C(F)(F)F)ccc2CCC(=O)N2CCC(CCS(=O)(=O)c3ccc(S(N)(=O)=O)c(F)c3F)CC2)n1,8.15,active,1,0,18,0
CHEMBL5819580,Cc1nnn(Cc2cc(C(F)(F)F)ccc2CCC(=O)N2CCC([S+]([O-])c3ccc(S(N)(=O)=O)c(F)c3F)CC2)n1,8.2,active,1,0,16,0
CHEMBL5820355,Cc1nnn(Cc2cc(C(F)(F)F)ccc2CCC(=O)N2CCC(S(=O)(=O)c3ccc(S(N)(=O)=O)cc3F)CC2)n1,9.1,active,1,0,16,2
CHEMBL5829154,Cc1nnn(Cc2cc(C(F)(F)F)ccc2CCC(=O)N2CCC(CCSc3ccc(S(N)(=O)=O)cc3F)CC2)n1,8.1,active,1,0,19,1
CHEMBL5841696,Cc1nnn(Cc2cc(C(F)(F)F)ccc2CCC(=O)N2CCC(CCS(=O)(=O)c3ccc(S(N)(=O)=O)cc3F)CC2)n1,8.15,active,1,0,16,1
CHEMBL5846270,Cc1nnn(Cc2cc(C(F)(F)F)ccc2COC(=O)N2CCN(c3ccc(S(N)(=O)=O)cc3F)CC2)n1,8.02,active,1,0,15,5
CHEMBL5848796,Cc1nnn(Cc2cc(C(F)(F)F)ccc2CCC(=O)N2CCC(C[S+]([O-])c3ccc(S(N)(=O)=O)cc3F)CC2)n1,7.77,active,1,0,17,1
CHEMBL5854486,NS(=O)(=O)c1ccc([S+]([O-])C2CN(C(=O)c3cc(OCC4CCOCC4)nc(C4CC4)c3)C2)c(F)c1,8.21,active,1,0,10,1
CHEMBL5856124,Cc1ccccc1-c1nc(-c2cn([C@H]3C[C@H](O)[C@@H](CNS(N)(=O)=O)O3)c3ncnc(N)c23)cs1,6.58,medium,1,0,17,21
CHEMBL5858245,Cc1nnn(Cc2cc(C(F)(F)F)ccc2CCC(=O)N2CCC(Sc3ccc(S(N)(=O)=O)s3)CC2)n1,7.79,active,1,0,22,1
CHEMBL5858524,NS(=O)(=O)c1ccc([S+]([O-])CC2CCN(C(=O)c3cc(OCC4CCOCC4)nc(C4CC4)c3)CC2)c(F)c1,7.82,active,1,0,12,0
CHEMBL5861201,Cc1nnn(Cc2cc(C(F)(F)F)ccc2CCC(=O)N2CCN(C(=O)c3ccc(S(N)(=O)=O)cc3)CC2)n1,7.46,active,1,0,18,5
CHEMBL5866444,Nc1cc(F)c(C#Cc2cn([C@@H]3O[C@H](CNS(N)(=O)=O)[C@@H](O)[C@H]3O)c3ncnc(N)c23)c(F)c1,6.4,medium,1,0,16,18
CHEMBL5870724,Cc1nnn(Cc2cc(C(F)(F)F)ccc2CCC(=O)N2CCC(CS(=O)(=O)c3ccc(S(N)(=O)=O)cc3F)CC2)n1,7.76,active,1,0,17,3
CHEMBL5877783,Cc1nnn(Cc2cc(C(F)(F)F)ccc2CCC(=O)N2CCN(C(=O)c3ccc(S(N)(=O)=O)c(F)c3)CC2)n1,7.855,active,2,0,18,4
CHEMBL5879358,Cc1nnn(Cc2cc(C(F)(F)F)ccc2CCC(=O)N2CC[C@H](COc3ccc(S(N)(=O)=O)cc3)C2)n1,6.93,medium,1,0,21,4
CHEMBL5880172,NS(=O)(=O)OC[C@@H]1C[C@@H](n2ccc3c(N[C@H]4CCc5ccccc54)ncnc32)CC1O,7.92,active,1,0,19,21
CHEMBL5880792,Cc1nnn(Cc2cc(C(F)(F)F)ccc2CCC(=O)N2CCC(Sc3ccc(S(N)(=O)=O)c(F)c3F)CC2)n1,8.17,active,1,0,19,0
CHEMBL5882560,NS(=O)(=O)c1ccc(F)c(CC2CCN(C(=O)c3cc(OCC4CCOCC4)nc(C4CC4)c3)CC2)c1,5.96,inactive,1,0,12,1
CHEMBL5895953,CC(C)(C)C(=O)Nc1cc(C(F)(F)F)cnc1COC(=O)N1CC2=C(C1)CN(C(=O)c1ccc(S(N)(=O)=O)cc1)C2,8.1,active,35,1,14,1
CHEMBL5896646,NS(=O)(=O)c1ccc(S(=O)(=O)C2CCN(C(=O)c3cnc(OC4CCC4)c(C4CC4)c3)CC2)c(F)c1,8.54,active,1,0,13,1
CHEMBL5897197,Nc1ncnc2c1c(C#Cc1c(F)cccc1OCC(F)(F)F)cn2[C@@H]1O[C@H](CNS(N)(=O)=O)[C@@H](O)[C@H]1O,6.1,medium,1,0,16,20
CHEMBL590825,NCc1ccccn1.NS(=O)(=O)c1cc(C(=O)O)c(Cl)cc1Cl,6.54,medium,3,0,30,20
CHEMBL5909173,CCOc1cccc(F)c1C#Cc1cn([C@H]2C[C@H](O)[C@@H](CNS(N)(=O)=O)O2)c2ncnc(N)c12,6.47,medium,1,0,16,19
CHEMBL5910424,NS(=O)(=O)c1ccc(S(=O)(=O)C2CN(C(=O)c3cc(OCC4CCOCC4)nc(C4CC4)c3)C2)c(F)c1,7.91,active,1,0,9,1
CHEMBL5916386,Cc1nnn(Cc2cc(C#N)ccc2CCC(=O)N2CCC(S(=O)(=O)c3ccc(S(N)(=O)=O)cc3F)CC2)n1,8.62,active,1,0,15,1
CHEMBL5917527,Cc1nnn(Cc2cc(C(F)(F)F)ccc2CCC(=O)N2CCC(CCS(=O)(=O)c3ncc(S(N)(=O)=O)s3)CC2)n1,8.29,active,1,0,20,1
CHEMBL5919407,Cc1ccc(Cn2cc(-c3cn([C@@H]4C[C@H](COS(N)(=O)=O)[C@@H](O)C4)c4ncnc(N)c34)cn2)cc1C,6.92,medium,1,0,18,21
CHEMBL592131,N#Cc1ccc(Cn2cncn2)cc1-c1ccc(OS(N)(=O)=O)c(Cl)c1,7.07,active,1,0,20,20
CHEMBL5928769,NS(=O)(=O)c1ccc(SCC2CCN(C(=O)c3cc(OCC4CCOCC4)nc(C4CC4)c3)CC2)c(F)c1,7.69,active,1,0,11,4
CHEMBL5930084,Cc1nnn(Cc2cc(C(F)(F)F)ccc2CCC(=O)N2CCC(Sc3ccc(S(N)(=O)=O)cc3F)CC2)n1,7.68,active,1,0,19,3
CHEMBL5940586,NS(=O)(=O)c1ccc(S(=O)(=O)CCC2CCN(C(=O)c3cnc(OCC(F)(F)F)c(C(F)(F)F)c3)CC2)c(F)c1,7.89,active,1,0,13,2
CHEMBL5942454,Nc1ncnc2c1c(-c1cnn(Cc3ccccc3)c1)cn2[C@@H]1C[C@H](COS(N)(=O)=O)[C@@H](O)[C@H]1O,7.51,active,1,0,18,20
CHEMBL595,CCc1ccc(CCOc2ccc(CC3SC(=O)NC3=O)cc2)nc1,6.94,medium,1,0,13,27
CHEMBL5951635,Cc1ccccc1-c1nc(-c2cn([C@H]3C[C@H](O)[C@@H](COS(N)(=O)=O)O3)c3ncnc(N)c23)cs1,6.39,medium,1,0,19,20
CHEMBL5953222,NS(=O)(=O)c1ccc(SC2CN(C(=O)c3cc(OCC4CCOCC4)nc(C4CC4)c3)C2)c(F)c1,8.05,active,1,0,11,3
CHEMBL5953432,NS(=O)(=O)c1ccc(CC2CCN(C(=O)OCc3cc(OCC4CCOCC4)nc(C4CC4)c3)CC2)cc1,6.54,medium,1,0,12,4
CHEMBL5955489,NS(=O)(=O)c1ccc(C(=O)N2CC3=C(CN(C(=O)/C=C/c4ccc(OC(F)(F)F)cc4)C3)C2)c(F)c1,8.4,active,11,0,14,5
CHEMBL5964026,Cc1nnn(Cc2cc(C(F)(F)F)ccc2CCC(=O)N2CCC(CC[S+]([O-])c3ncc(S(N)(=O)=O)s3)CC2)n1,7.85,active,1,0,21,0
CHEMBL5976666,NS(=O)(=O)c1ccc(C(=O)N2C[C@H]3CN(C(=O)OCc4ccc(OC(F)(F)F)cc4)C[C@]3(F)C2)c(F)c1,8.22,active,1,0,13,4
CHEMBL5977375,Cc1nnn(Cc2cc(C(F)(F)F)ccc2CCC(=O)N2CC([S+]([O-])c3ccc(S(N)(=O)=O)cc3F)C2)n1,8.21,active,1,0,15,0
CHEMBL5978755,NS(=O)(=O)c1ccc(S(=O)(=O)CCC2CCN(C(=O)c3cc(OCC4CCOCC4)nc(C4CC4)c3)CC2)c(F)c1,7.7,active,1,0,12,2
CHEMBL5980012,Cc1nnn(Cc2cc(C(F)(F)F)ccc2CCC(=O)N2CCC[C@H]2COc2ccc(S(N)(=O)=O)cc2)n1,6.62,medium,1,0,21,2
CHEMBL5980100,NS(=O)(=O)c1ccc([S+]([O-])CCC2CCN(C(=O)c3cc(OCC4CCOCC4)nc(C4CC4)c3)CC2)c(F)c1,8.39,active,1,0,11,0
CHEMBL5991127,Cc1nnn(Cc2cc(C(F)(F)F)ccc2CCC(=O)N2CCC(c3ccc(S(N)(=O)=O)cc3)CC2)n1,6.91,medium,2,0,20,3
CHEMBL5996671,Cc1nnn(Cc2cc(C(F)(F)F)ccc2CCC(=O)N2CCC(CSc3ccc(S(N)(=O)=O)cc3F)CC2)n1,7.88,active,1,0,18,2
CHEMBL6010027,Cc1nnn(Cc2cc(C(F)(F)F)ccc2CCC(=O)N2CC3=C(C2)CN(C(=O)c2ncc(S(N)(=O)=O)cc2F)C3)n1,8.26,active,2,0,16,5
CHEMBL6012852,Cc1nnn(Cc2cc(C(F)(F)F)ccc2CCC(=O)N2CCC(S(=O)(=O)c3ncc(S(N)(=O)=O)s3)CC2)n1,8.0,active,1,0,21,1
CHEMBL6021374,Cc1nnn(Cc2cc(C(F)(F)F)ccc2CCC(=O)N2CCN(Cc3ccc(S(N)(=O)=O)c(F)c3)CC2)n1,7.81,active,3,1,19,4
CHEMBL6023162,Cc1nnn(Cc2cc(C(F)(F)F)ccc2CCC(=O)N2CC[C@@H](COc3ccc(S(N)(=O)=O)cc3)C2)n1,6.84,medium,1,0,21,3
CHEMBL6026681,Cc1nnn(Cc2cc(OC(F)F)ccc2CCC(=O)N2CCC(S(=O)(=O)c3ccc(S(N)(=O)=O)cc3F)CC2)n1,8.6,active,1,0,15,3
CHEMBL6028783,CO[C@]12CN(C(=O)OCc3ncc(C(F)(F)F)cc3NC(=O)C(C)(C)C)C[C@@H]1CN(C(=O)c1ccc(S(N)(=O)=O)cc1F)C2,8.0,active,6,0,14,2
CHEMBL6029542,Cc1nnn(Cc2cc(C(F)(F)F)ccc2CCC(=O)N2CCN(C(=O)c3ccc(S(N)(=O)=O)cc3F)CC2)n1,7.47,active,1,0,16,4
CHEMBL6031789,Cc1nnn(Cc2cc(C(F)(F)F)ccc2CCC(=O)N2CCN(S(=O)(=O)c3ccc(S(N)(=O)=O)cc3)CC2)n1,7.22,active,1,0,19,5
CHEMBL6035165,NS(=O)(=O)c1ccc(SCCC2CCN(C(=O)c3cc(OCC4CCOCC4)nc(C4CC4)c3)CC2)c(F)c1,7.75,active,1,0,10,2
CHEMBL6040474,Cc1nnn(Cc2cc(C(F)(F)F)ccc2CCC(=O)N2CCC(Sc3ncc(S(N)(=O)=O)s3)CC2)n1,7.95,active,1,0,22,0
CHEMBL6045543,NS(=O)(=O)c1ccc(S(=O)(=O)CCC2CCN(C(=O)c3cnc(OCC4CC4)c(C4CC4)c3)CC2)c(F)c1,8.1,active,1,0,13,0
CHEMBL6048878,Cc1nnn(Cc2cc(C(F)(F)F)ccc2CCC(=O)N2CCC(Cc3cc(S(N)(=O)=O)ccc3F)CC2)n1,7.16,active,1,0,18,3
CHEMBL6050848,Cc1nnn(Cc2cc(C(F)(F)F)ccc2CCC(=O)N2CC(Sc3ccc(S(N)(=O)=O)cc3F)C2)n1,8.02,active,1,0,17,2
CHEMBL6055558,Cc1nnn(Cc2cc(C(F)(F)F)ccc2CCC(=O)N2CCN(c3ccc(S(N)(=O)=O)cc3F)CC2)n1,7.57,active,1,0,15,4
CHEMBL6063983,Cc1nnn(Cc2cc(Cl)ccc2CCC(=O)N2CCC(S(=O)(=O)c3ccc(S(N)(=O)=O)cc3F)CC2)n1,8.08,active,1,0,15,2
CHEMBL6147924,NS(=O)(=O)c1ccc(CCNC(=O)c2ccc3c(c2)C(=O)c2ccccc2C3=O)cc1,7.67,active,1,0,26,22
CHEMBL6164262,NS(=O)(=O)c1ccc(NC(=O)Nc2nnc(-c3ccc(Cl)cc3)s2)cc1,7.35,active,1,0,28,17
CHEMBL6165643,CCCCCCCCn1c2ccccc2c2cc(/N=C/c3cccc(O)c3O)ccc21,4.66,inactive,1,0,8,18
CHEMBL6167931,CC(C)(C)c1ccc(S(=O)(=O)N2CCN(Cc3nc4cc(F)ccc4o3)CC2)cc1,5.39,inactive,1,0,17,6
CHEMBL6171078,NS(=O)(=O)c1ccc(NC(=O)Nc2nc(-c3ccc(F)cc3)cs2)cc1,8.04,active,1,0,29,17
CHEMBL66129,COCCOCCOCS(=O)(=O)CS(N)(=O)=O,5.89,inactive,1,0,20,33
CHEMBL6633,Nc1nccc(Nc2ccc(S(N)(=O)=O)cc2)n1,7.05,active,1,0,24,18
CHEMBL66465,CCCCCCCCSCS(N)(=O)=O,6.32,medium,1,0,23,25
CHEMBL66513,NS(=O)(=O)CSCCc1ccccc1,5.7,inactive,1,0,23,24
CHEMBL66752,NS(=O)(=O)CSCCCc1ccccc1,5.92,inactive,1,0,23,23
CHEMBL6685,NS(=O)(=O)c1nc2ccc(O)cc2s1,8.4,active,1,0,12,26
CHEMBL6705,Nc1ccccc1S(N)(=O)=O,5.58,inactive,1,0,27,23
CHEMBL67154,NS(=O)(=O)CS(=O)(=O)c1ccc(O)cc1,6.4,medium,1,0,24,26
CHEMBL6724,Nc1ccc(S(N)(=O)=O)cc1Br,6.21,medium,1,0,27,20
CHEMBL67511,NS(=O)(=O)C(F)(F)F,7.89,active,1,0,22,21
CHEMBL67823,NS(=O)(=O)CS(=O)(=O)CCc1ccccc1,7.0,active,1,0,24,24
CHEMBL6784,NS(=O)(=O)c1ccc(CCO)cc1,5.52,inactive,1,0,24,23
CHEMBL6853,Nc1ccc(S(N)(=O)=O)cc1F,5.52,inactive,1,0,27,21
CHEMBL68840,CCCCCCCCS(=O)(=O)C(Cl)(Cl)S(N)(=O)=O,6.7,medium,1,0,22,22
CHEMBL69113,CCCCCCCCS(=O)(=O)C(C)S(N)(=O)=O,5.6,inactive,1,0,22,24
CHEMBL69114,CN(C)Cc1cc(S(=O)(=O)c2ccc(S(N)(=O)=O)s2)ccc1O,9.15,active,1,0,12,23
CHEMBL6919,NS(=O)(=O)c1ccc(CO)cc1,5.24,inactive,1,0,23,21
CHEMBL69902,COc1ccc2c(c1)S(=O)(=O)C(S(N)(=O)=O)C2,6.1,medium,1,0,15,18
CHEMBL69926,NS(=O)(=O)CSc1ccc(O)cc1,5.54,inactive,1,0,23,27
CHEMBL7002,CC1(COc2ccc(CC3SC(=O)NC3=O)cc2)CCCCC1,7.07,active,1,0,13,26
CHEMBL7087,NCCc1ccc(S(N)(=O)=O)cc1,5.51,inactive,1,0,25,22
CHEMBL7092,Nc1ccc(S(N)(=O)=O)cc1Cl,6.25,medium,1,0,28,20
CHEMBL7204,NNc1ccc(S(N)(=O)=O)cc1,7.1,active,1,0,25,19
CHEMBL734,CC(=O)NO,4.33,inactive,1,0,17,12
CHEMBL77517,NS(=O)(=O)c1ccc(S(=O)(=O)Nc2cccc3c(Cl)c[nH]c23)cc1,7.82,active,1,0,28,18
CHEMBL79324,C/C=C/C(=O)Oc1ccc2sc(S(N)(=O)=O)nc2c1,8.68,active,1,0,9,28
CHEMBL79340,CN(C)Cc1ccc(C(=O)Oc2ccc3nc(S(N)(=O)=O)sc3c2)cc1,8.4,active,1,0,13,31
CHEMBL79368,NS(=O)(=O)c1cc2c(s1)S(=O)(=O)C1(CC1)CN2,8.7,active,1,0,21,38
CHEMBL79472,CC(C)(C)C(=O)Nc1c(OC(=O)C(C)(C)C)ccc2nc(S(N)(=O)=O)sc12,7.5,active,1,0,11,31
CHEMBL79474,NS(=O)(=O)c1cc2c(s1)SC(CCO)CN2,8.5,active,1,0,19,36
CHEMBL79608,CC(C)(C)C(=O)Oc1ccc2nc(S(N)(=O)=O)sc2c1N,7.6,active,1,0,12,29
CHEMBL79738,NS(=O)(=O)c1nc2cc(O)ccc2s1,8.3,active,1,0,13,29
CHEMBL79939,NS(=O)(=O)c1cc2c(s1)S(=O)(=O)C(CCN1CCOCC1)CN2,9.24,active,1,0,20,36
CHEMBL79951,CC(C)COC(=O)Oc1ccc2nc(S(N)(=O)=O)sc2c1,8.66,active,1,0,12,31
CHEMBL80028,CCOC(=O)Oc1ccc2nc(S(N)(=O)=O)sc2c1,8.17,active,1,0,10,29
CHEMBL80060,COCCOCCN(CCOC)CCC1C(=O)Nc2cc(S(N)(=O)=O)sc2S1(=O)=O,8.29,active,1,0,19,34
CHEMBL80096,CN(C)c1ccc(C(=O)Oc2ccc3nc(S(N)(=O)=O)sc3c2)cc1,7.22,active,1,0,13,30
CHEMBL81148,NS(=O)(=O)c1cc2c(s1)S(=O)(=O)CC(=O)N2,8.43,active,1,0,20,37
CHEMBL81688,CC(=O)Oc1ccc2nc(S(N)(=O)=O)sc2c1,8.7,active,1,0,11,28
CHEMBL82230,CCCC(=O)Oc1ccc2sc(S(N)(=O)=O)nc2c1,8.4,active,1,0,7,25
CHEMBL82510,COc1cccc(OC)c1C(=O)Oc1ccc2nc(S(N)(=O)=O)sc2c1,8.4,active,1,0,12,32
CHEMBL82557,CC(C)C(=O)Oc1ccc2nc(S(N)(=O)=O)sc2c1,8.17,active,1,0,12,30
CHEMBL82643,NS(=O)(=O)c1nc2ccc(OC(=O)c3ccccc3)cc2s1,8.1,active,1,0,10,28
CHEMBL82806,NS(=O)(=O)c1cc2ccc(OCC(=O)O)cc2s1,7.85,active,1,0,15,30
CHEMBL82813,NS(=O)(=O)c1cc2cc(O)ccc2s1,8.21,active,1,0,18,30
CHEMBL82865,COc1cccc2cc(S(N)(=O)=O)sc12,7.3,active,1,0,16,34
CHEMBL83144,CC(C)(C)C(=O)Oc1ccc2cc(S(N)(=O)=O)sc2c1,8.59,active,1,0,16,29
CHEMBL83165,CCCCCCCCCCCC(=O)Oc1ccc2nc(S(N)(=O)=O)sc2c1,8.51,active,1,0,8,24
CHEMBL83298,CN(C)C(=O)Oc1ccc2sc(S(N)(=O)=O)cc2c1,8.3,active,1,0,19,31
CHEMBL83497,CC(C)CNCCC1CNc2cc(S(N)(=O)=O)sc2S1(=O)=O,8.54,active,1,0,18,34
CHEMBL83589,COCc1ccc2sc(S(N)(=O)=O)cc2c1,8.05,active,1,0,18,33
CHEMBL83629,CN(C)CCSCc1ccc2sc(S(N)(=O)=O)cc2c1,7.82,active,1,0,18,32
CHEMBL83708,CCCCCCCC(=O)Oc1ccc2nc(S(N)(=O)=O)sc2c1,8.8,active,1,0,8,27
CHEMBL83820,NS(=O)(=O)c1cc2c(s1)[S+]([O-])CC(=O)N2,7.5,active,1,0,17,35
CHEMBL84021,Cc1ccc(OS(=O)(=O)c2ccc3nc(S(N)(=O)=O)sc3c2)cc1,8.39,active,1,0,11,25
CHEMBL84151,CN(C)OS(=O)(=O)c1ccc2nc(S(N)(=O)=O)sc2c1,8.92,active,1,0,10,25
CHEMBL84169,NS(=O)(=O)c1nc2ccc(OC(=O)Cc3ccccc3)cc2s1,7.52,active,1,0,8,26
CHEMBL84224,Cn1cccc1C(=O)Oc1ccc2nc(S(N)(=O)=O)sc2c1,8.54,active,1,0,13,32
CHEMBL84600,CCOC(C)(C)C(=O)Oc1ccc2nc(S(N)(=O)=O)sc2c1,8.92,active,1,0,9,31
CHEMBL84649,COC(C)(C)C(=O)Oc1ccc2nc(S(N)(=O)=O)sc2c1,8.92,active,1,0,9,29
CHEMBL85470,CC(=O)OCc1ccc2sc(S(N)(=O)=O)cc2c1,8.0,active,1,0,20,30
CHEMBL85558,COCC(=O)Oc1ccc2nc(S(N)(=O)=O)sc2c1,8.46,active,1,0,8,28
CHEMBL85636,CC(=O)Oc1ccc2cc(S(N)(=O)=O)sc2c1,8.4,active,1,0,16,30
CHEMBL85910,Nc1ccc2cc(S(N)(=O)=O)sc2c1,8.0,active,1,0,16,32
CHEMBL85925,CC(C)COC(=O)Oc1ccc2cc(S(N)(=O)=O)sc2c1,8.25,active,1,0,14,30
CHEMBL86176,CC(=O)c1ccc2cc(S(N)(=O)=O)sc2c1,8.22,active,1,0,15,32
CHEMBL86259,CC(C)(C)N1CC(COc2ccc3cc(S(N)(=O)=O)sc3c2)OC1=O,8.1,active,1,0,15,29
CHEMBL86282,CCN(CC)CC1CCC(C(=O)Oc2ccc3nc(S(N)(=O)=O)sc3c2)CC1,8.55,active,1,0,9,26
CHEMBL865,Cc1onc(-c2ccccc2)c1-c1ccc(S(N)(=O)=O)cc1,6.355,medium,2,1,23,18
CHEMBL87179,NS(=O)(=O)c1cc2cc(CO)ccc2s1,8.05,active,2,0,19,32
CHEMBL87444,CC(=O)Nc1ccc2cc(S(N)(=O)=O)sc2c1,8.32,active,1,0,15,33
CHEMBL87497,NS(=O)(=O)c1cc2c(O)cccc2s1,7.92,active,1,0,17,32
CHEMBL87740,COc1ccc2sc(S(N)(=O)=O)cc2c1,7.64,active,1,0,18,31
CHEMBL87939,COc1ccc2cc(S(N)(=O)=O)sc2c1,8.06,active,1,0,17,29
CHEMBL898,O=C(O)c1cc(-c2ccc(F)cc2F)ccc1O,5.57,inactive,1,0,29,19
CHEMBL924,O=P(O)(O)C(O)(Cn1ccnc1)P(=O)(O)O,7.21,active,1,0,21,10
CHEMBL97034,CC(C)NC(=O)P(=O)(O)O,4.86,inactive,1,0,16,10
CHEMBL97709,O=C(NC1CCCCCCC1)P(=O)(O)O,5.1,inactive,1,0,18,9
CHEMBL97951,O=C(NCC1CCCCC1)P(=O)(O)O,5.04,inactive,1,0,19,10
CHEMBL9849,CC(C)CN[C@@H]1CCS(=O)(=O)c2sc(S(N)(=O)=O)cc21,7.35,active,3,0,20,39
